country,year,limited_handwashing_percent,"Population, total",GDP per capita (constant 2015 US$),"Life expectancy at birth, total (years)","Hospital beds (per 1,000 people)"
Afghanistan,2005,25.01546394,24404567,363.6401414,58.361,0.42
Afghanistan,2006,24.98936461,25424094,367.7583117,58.684,0.42
Afghanistan,2007,24.96301214,25909852,410.7577289,59.111,0.42
Afghanistan,2008,24.93653065,26482622,417.6472826,59.852,0.42
Afghanistan,2009,24.90992034,27466101,488.8306525,60.364,0.42
Afghanistan,2010,26.54761254,28284089,542.8710305,60.851,0.43
Afghanistan,2011,28.18516157,29347708,525.4269828,61.419,0.45
Afghanistan,2012,29.82269542,30560034,568.9290215,61.923,0.47
Afghanistan,2013,31.46021428,31622704,580.6038333,62.417,0.46
Afghanistan,2014,33.09772019,32792523,575.1462458,62.545,0.46
Afghanistan,2015,34.7350875,33831764,565.5697304,62.659,0.44
Afghanistan,2016,36.37244235,34700612,563.8723367,63.136,0.45
Afghanistan,2017,38.00827579,35688935,562.7695741,63.016,0.42
Afghanistan,2018,39.64234827,36743039,553.1251517,63.081,0.4
Afghanistan,2019,41.27479726,37856121,557.8615332,63.565,0.38
Afghanistan,2020,42.90576034,39068979,527.8345545,62.575,0.34
Afghanistan,2021,44.53486922,40000412,408.6258552,61.982,0.36
Afghanistan,2022,46.1623895,40578842,377.6656271,62.879,
Algeria,2007,7.135529727,34189416,4339.250558,72.602,
Algeria,2008,7.079711839,34816961,4367.56538,72.941,1.75
Algeria,2009,7.025384057,35490445,4336.100541,73.62,1.75
Algeria,2010,6.972174181,36188236,4456.610274,73.808,1.72
Algeria,2011,6.920305969,36903376,4501.354301,74.123,1.69
Algeria,2012,7.324398825,37646166,4518.43979,74.202,1.67
Algeria,2013,7.729931003,38414171,4543.23444,74.615,1.66
Algeria,2014,8.136750761,39205031,4634.101492,75.11,1.65
Algeria,2015,8.545003035,40019529,4685.059027,75.622,1.64
Algeria,2016,8.954535035,40850721,4768.731401,75.732,1.62
Algeria,2017,9.365491425,41689299,4742.900755,75.743,1.63
Algeria,2018,9.777720811,42505035,4717.003589,76.066,
Algeria,2019,10.19129211,43294546,4672.664087,76.474,
Algeria,2020,10.60612871,44042091,4363.685338,74.453,
Algeria,2021,11.02222759,44761099,4456.746876,76.377,
Algeria,2022,10.98452685,45477389,4544.466881,77.129,
Angola,2012,14.95120072,25177394,3236.574945,58.623,
Angola,2013,14.96583366,26165620,3268.638907,59.307,
Angola,2014,14.98036761,27160769,3300.73511,60.04,
Angola,2015,14.99462181,28157798,3213.902611,60.655,
Angola,2016,15.00863601,29183070,3020.983328,61.092,
Angola,2017,15.02239286,30234839,2911.600842,61.68,
Angola,2018,15.03584885,31297155,2775.746423,62.144,
Angola,2019,15.04906636,32375632,2664.43851,62.448,0.75
Angola,2020,15.06198522,33451132,2433.376373,62.261,
Armenia,2000,12.5043091,3221100,1229.215104,70.624,6.56
Armenia,2001,11.88541367,3211800,1351.120727,70.932,5.16
Armenia,2002,11.23696535,3199800,1535.204529,71.018,4.5
Armenia,2003,10.57689911,3182500,1759.646848,71.436,4.61
Armenia,2004,9.914452076,3164900,1955.222625,71.421,4.65
Armenia,2005,9.249762166,3146400,2240.092732,71.792,4.71
Armenia,2006,8.582542002,3127100,2551.435464,71.987,4.72
Armenia,2007,7.913054097,3107400,2919.373494,72.327,4.37
Armenia,2008,7.241062186,3087100,3141.331935,72.398,4.14
Armenia,2009,6.566777312,3066000,2716.974363,72.813,4.07
Armenia,2010,5.890087886,3044800,2796.081434,73.16,4.13
Armenia,2011,5.210994351,3027900,2943.836871,73.305,4.18
Armenia,2012,4.529496059,3024100,3159.758608,73.454,4.2
Armenia,2013,3.844622183,3022000,3266.29883,73.676,4.23
Armenia,2014,3.15723833,3013800,3393.092523,74.058,4.33
Armenia,2015,2.468193577,3004600,3512.393503,74.436,4.35
Armenia,2016,1.778394214,2992300,3533.885036,74.664,4.36
Armenia,2017,1.08870578,2979400,3815.374743,74.906,4.37
Armenia,2018,0.709894823,2969000,4027.83393,75.064,4.28
Armenia,2019,0.710681754,2962500,4343.458396,75.439,4.18
Armenia,2020,0.711738458,2961500,4032.090435,72.173,4.59
Armenia,2021,0.713064994,2962300,4264.799615,72.043,
Armenia,2022,0.714661329,2969200,4791.004817,73.372,
Azerbaijan,2009,9.217748655,8947243,5023.967291,69.356,6.58
Azerbaijan,2010,9.211653519,9054332,5215.204154,69.529,4.46
Azerbaijan,2011,9.205134501,9173082,5152.838502,69.984,4.07
Azerbaijan,2012,9.198193139,9295784,5194.920917,70.36,4.1
Azerbaijan,2013,9.190799507,9416801,5426.095942,70.881,4.13
Azerbaijan,2014,9.182982827,9535079,5506.181696,71.116,4.29
Azerbaijan,2015,9.174742838,9649341,5500.503646,71.451,4.08
Azerbaijan,2016,9.166079757,9757812,5270.738166,72.004,4.08
Azerbaijan,2017,9.156993433,9854033,5229.70989,72.248,3.94
Bahrain,2000,0,637582,25407.96955,75.496,2.55
Bahrain,2001,0,661316,25106.28696,75.908,2.53
Bahrain,2002,0,710553,24149.01559,76.088,2.57
Bahrain,2003,0,764517,23857.6405,76.337,2.45
Bahrain,2004,0,823741,23688.11199,76.56,2.29
Bahrain,2005,0,888822,23439.67043,76.931,2.25
Bahrain,2006,0,960424,23095.01825,77.156,2.1
Bahrain,2007,0,1039295,23112.48875,77.634,1.96
Bahrain,2008,0,1103496,23127.21471,78.084,1.89
Bahrain,2009,0,1178415,22206.93716,78.461,1.77
Bahrain,2010,0,1228543,22224.07362,78.748,1.76
Bahrain,2011,0,1195020,23288.04494,78.89,2.05
Bahrain,2012,0,1208964,23894.88044,79.081,2
Bahrain,2013,0,1253191,24271.62788,79.246,2.01
Bahrain,2014,0,1314562,24135.49913,79.328,1.96
Bahrain,2015,0,1370322,23734.05511,79.405,1.9
Bahrain,2016,0,1423726,23715.27913,79.557,1.84
Bahrain,2017,0,1501116,23606.88675,79.689,1.77
Bahrain,2018,0,1503091,24059.78386,79.857,1.8
Bahrain,2019,0,1483756,24873.66401,80.019,1.74
Bahrain,2020,0,1472204,23586.93096,79.174,
Bahrain,2021,0,1504365,24086.78478,78.76,
Bahrain,2022,0,1524693,25187.14257,79.246,
Bangladesh,2005,65.25795335,144715786,739.2037184,67.299,0.3
Bangladesh,2006,65.09097852,146405973,779.4195704,67.241,
Bangladesh,2007,64.92117604,147989278,825.50823,66.714,0.36
Bangladesh,2008,64.74877741,149474264,866.4581576,67.051,0.38
Bangladesh,2009,64.57402154,150873714,901.7296263,67.403,0.5
Bangladesh,2010,61.82912098,152201981,943.6642286,68.638,0.55
Bangladesh,2011,59.10298209,153591076,995.5799472,68.809,0.55
Bangladesh,2012,56.39700247,155070101,1050.391404,69.554,0.63
Bangladesh,2013,53.71210308,156532141,1103.156959,69.565,0.59
Bangladesh,2014,51.04783116,157964929,1159.407535,69.986,0.6
Bangladesh,2015,48.40495834,159383179,1224.386477,70.491,0.77
Bangladesh,2016,45.78321185,160811932,1299.830914,71.09,0.8
Bangladesh,2017,43.1829198,162186147,1373.753637,71.788,0.85
Bangladesh,2018,40.60419926,163523103,1462.250503,72.567,0.88
Bangladesh,2019,38.04700414,164913055,1564.208024,72.806,0.88
Bangladesh,2020,35.51129375,166298024,1604.665923,71.968,
Bangladesh,2021,32.99716817,167658854,1702.080284,72.381,
Bangladesh,2022,32.94383501,169384897,1804.349346,73.698,
Barbados,2008,2.35315667,272714,21477.2081,75.447,7.6
Barbados,2009,2.35315667,274123,20294.78258,75.678,6.8
Barbados,2010,2.35315667,275243,19763.95236,75.712,6.88
Barbados,2011,2.35315667,276139,19555.73211,75.917,
Barbados,2012,2.35315667,276938,19438.21791,76.099,6.47
Barbados,2013,2.35315667,277665,19191.43755,76.275,6.47
Barbados,2014,2.35315667,278348,19160.1223,76.476,6.05
Barbados,2015,2.35315667,278990,18954.29137,76.65,6.03
Barbados,2016,2.35315667,279598,19251.98342,76.815,6.03
Belize,2005,0.276877324,279731,6335.677777,69.376,1.2
Belize,2006,0.276773469,287878,6434.118644,70.093,1.3
Belize,2007,0.276669566,296100,6465.219364,70.655,1.2
Belize,2008,0.276565705,304361,6183.938918,71.151,1.14
Belize,2009,0.276461815,312614,5997.243308,71.819,1.11
Belize,2010,0.772543272,320245,5919.556621,72.272,1.12
Belize,2011,1.91944017,327298,5777.831129,72.651,1.09
Belize,2012,3.21225091,334414,5866.25149,73.245,1.08
Belize,2013,4.50509607,341627,5998.178309,73.666,1.08
Belize,2014,5.797777027,348923,6109.477784,73.311,1.03
Belize,2015,7.090113247,356333,6154.495935,73.187,0.96
Belize,2016,8.381913144,364705,6016.49647,73.399,0.94
Belize,2017,9.656708125,373202,5772.92692,73.562,1.04
Belize,2018,9.734907945,380226,5729.210452,73.703,1.03
Belize,2019,9.730006151,385829,5886.962235,73.931,
Belize,2020,9.724517487,390812,5003.877848,72.854,
Belize,2021,9.718441532,395346,5824.303943,70.47,
Belize,2022,9.711710295,402733,6269.379974,70.962,
Benin,2014,47.61998962,11030004,1014.433006,59.125,0.46
Benin,2015,47.06937048,11360681,1002.418869,59.377,0.44
Benin,2016,46.5164522,11697842,1006.039266,59.539,0.43
Benin,2017,45.96120432,12039780,1032.904712,59.856,0.44
Benin,2018,45.40360695,12383347,1071.504522,60.14,0.46
Benin,2019,44.84362639,12726755,1114.173045,60.454,0.42
Benin,2020,44.28123944,13070169,1126.654041,60.088,0.47
Benin,2021,44.23744902,13413417,1176.377276,59.821,0.45
Benin,2022,44.19326473,13759501,1218.500105,59.954,
Bhutan,2004,21.70392179,650544,1552.739151,65.268,1.71
Bhutan,2005,21.5635651,661865,1632.021694,65.805,1.63
Bhutan,2006,21.47078199,670799,1701.118782,66.362,1.68
Bhutan,2007,21.3767563,678641,1952.257347,66.954,1.7
Bhutan,2008,21.28148761,686351,2017.760188,67.499,1.69
Bhutan,2009,20.02030644,693988,2148.564803,67.897,1.7
Bhutan,2010,18.78091341,701632,2378.728108,68.43,1.68
Bhutan,2011,17.56370398,709377,2552.488711,68.881,1.79
Bhutan,2012,16.37005832,717279,2654.747989,69.326,1.77
Bhutan,2013,15.1998149,725273,2671.074602,69.707,1.75
Bhutan,2014,14.05266021,733139,2797.818839,70.049,1.73
Bhutan,2015,12.92819878,740618,2954.04082,70.343,1.72
Bhutan,2016,11.82604175,747866,3173.367732,70.602,1.7
Bhutan,2017,10.74574459,754335,3211.809033,70.847,1.69
Bhutan,2018,9.686823309,759759,3300.550065,71.129,1.72
Bhutan,2019,8.648796495,764824,3467.385989,71.391,2.08
Bhutan,2020,7.631077193,770006,3092.124284,71.609,2.12
Bhutan,2021,6.633162317,775442,3206.203671,71.815,2.2
Bhutan,2022,6.677873737,780914,3349.733096,72.229,
"Bolivia, Plurinational State of",2010,13.76951461,10182345,2481.407006,66.162,1.06
"Bolivia, Plurinational State of",2011,13.68796201,10348929,2568.520514,66.534,1.04
"Bolivia, Plurinational State of",2012,13.60695918,10515807,2657.238846,66.705,1.07
"Bolivia, Plurinational State of",2013,13.53642729,10682608,2793.514568,67.021,1.08
"Bolivia, Plurinational State of",2014,13.47250654,10848888,2900.902414,67.163,1.11
"Bolivia, Plurinational State of",2015,13.40895396,11014705,2996.012898,67.318,1.18
"Bolivia, Plurinational State of",2016,13.34558344,11180020,3077.570575,67.628,1.22
"Bolivia, Plurinational State of",2017,13.2827659,11344587,3160.16421,67.701,1.25
"Bolivia, Plurinational State of",2018,13.2193968,11508368,3246.764342,67.748,1.25
"Bolivia, Plurinational State of",2019,13.15547609,11671386,3272.381708,67.841,1.26
"Bolivia, Plurinational State of",2020,13.09118911,11816299,2949.819546,64.467,1.36
"Bolivia, Plurinational State of",2021,13.02653364,11937360,3098.350621,63.63,1.35
"Bolivia, Plurinational State of",2022,12.96132764,12077154,3172.910463,64.928,
Bosnia and Herzegovina,2008,1.579901513,3947544,3927.879656,76.838,2.05
Bosnia and Herzegovina,2009,1.574580487,3879794,3876.39718,76.976,2.17
Bosnia and Herzegovina,2010,1.569259516,3811472,3980.041283,77.073,2.26
Bosnia and Herzegovina,2011,1.563921882,3741798,4093.051522,77.007,2.3
Bosnia and Herzegovina,2012,1.558567468,3670113,4138.702184,77.191,2.33
Bosnia and Herzegovina,2013,1.553229806,3610859,4305.467556,76.33,2.26
Bosnia and Herzegovina,2014,1.547875396,3564829,4411.381023,75.659,2.34
Bosnia and Herzegovina,2015,1.542320871,3518541,4662.258837,76.182,2.36
Bosnia and Herzegovina,2016,1.536566194,3473003,4876.534724,76.808,2.39
Burkina Faso,2000,92.89080095,11925546,428.3097966,50.847,
Burkina Faso,2001,92.73722301,12295001,442.9141229,51.071,
Burkina Faso,2002,92.56455028,12680897,448.1288563,51.272,
Burkina Faso,2003,91.24292743,13082532,468.2630478,51.793,
Burkina Faso,2004,87.32091488,13500533,474.0864123,52.416,
Burkina Faso,2005,83.41602327,13932123,499.1927976,53.092,
Burkina Faso,2006,79.52850686,14373707,514.1131318,53.742,0.9
Burkina Faso,2007,75.68460773,14816307,519.2610122,54.375,
Burkina Faso,2008,71.87486799,15258093,533.4712999,55.342,
Burkina Faso,2009,68.07875527,15710066,533.4700848,55.959,
Burkina Faso,2010,64.29632269,16176498,561.8472213,56.477,0.4
Burkina Faso,2011,60.52794357,16661908,581.6036587,57.125,
Burkina Faso,2012,56.77405756,17172287,600.7313437,57.619,
Burkina Faso,2013,53.03499012,17695409,616.7413312,57.823,
Burkina Faso,2014,49.31100807,18229461,624.5768852,58.359,
Burkina Faso,2015,45.60252108,18777487,630.1247508,58.845,
Burkina Faso,2016,41.90985017,19334856,648.4204802,59.326,
Burkina Faso,2017,38.23337012,19894407,669.2763103,59.536,
Burkina Faso,2018,34.57327953,20438288,694.4928131,60.047,
Burkina Faso,2019,30.92983305,20961952,717.0215951,60.039,
Burkina Faso,2020,27.30326289,21478690,713.8421779,59.731,0.2
Burkina Faso,2021,27.31807994,21995243,745.4725634,59.27,
Burkina Faso,2022,27.33299058,22509038,739.3630212,59.766,
Burundi,2004,85.93736696,7310656,295.2351195,52.01,
Burundi,2005,85.89266194,7587299,287.030689,53.023,
Burundi,2006,85.84682086,7865547,291.8663995,53.869,0.7
Burundi,2007,85.80003455,8161874,290.9791162,54.727,
Burundi,2008,85.75192147,8505637,292.793765,55.71,
Burundi,2009,86.5049499,8947646,288.9419178,56.388,
Burundi,2010,87.25852284,9376444,289.8569506,57.081,
Burundi,2011,88.01291149,9717978,290.9480321,57.769,
Burundi,2012,88.76836754,10071028,293.2326205,58.493,1.02
Burundi,2013,89.52445874,10439341,296.8169006,59.235,0.73
Burundi,2014,90.28178734,10799785,299.0774794,59.868,0.71
Burundi,2015,91.04009066,11047580,280.9668313,60.217,
Burundi,2016,91.79946308,11239451,274.5133634,60.793,
Burundi,2017,92.55999735,11506762,269.4768896,61.553,
Burundi,2018,93.3132402,11859446,265.6723943,61.688,
Burundi,2019,93.8571231,12255336,261.7501802,62.351,
Burundi,2020,93.80482299,12617036,255.0782184,61.566,
Burundi,2021,93.75130662,12965481,255.9179507,61.663,
Burundi,2022,93.69641256,13321097,253.6916416,61.977,
Cambodia,2008,14.99316667,14053479,1090.574758,66.47,0.64
Cambodia,2009,14.95154991,14276810,1117.258342,67.444,
Cambodia,2010,14.90935348,14500726,1155.852369,67.712,0.81
Cambodia,2011,14.86657793,14722584,1221.388399,68.416,0.7
Cambodia,2012,14.82322214,14945085,1295.252715,68.915,
Cambodia,2013,13.98785053,15170208,1376.295576,69.304,0.83
Cambodia,2014,13.15905206,15396772,1464.531159,69.736,
Cambodia,2015,12.3370854,15623251,1547.320104,69.873,0.85
Cambodia,2016,11.5220924,15852803,1645.466716,70.224,0.9
Cambodia,2017,10.71428343,16073372,1753.935305,70.515,
Cambodia,2018,9.913416479,16274522,1884.283748,70.561,0.74
Cambodia,2019,9.11982677,16481304,2008.32094,70.692,
Cambodia,2020,8.333728532,16725474,1908.634275,70.416,
Cambodia,2021,7.55543643,16974305,1938.764367,69.584,
Cambodia,2022,6.785185257,17201724,2010.766737,69.896,
Cameroon,2015,60.43617254,22763414,1415.000097,59.658,
Cameroon,2016,60.29011883,23454161,1435.618307,60.233,2.65
Cameroon,2017,60.14479386,24128601,1444.906829,60.81,
Cameroon,2018,59.99970927,24806383,1461.0197,61.18,
Cameroon,2019,59.8553551,25506095,1470.317853,61.584,
Cameroon,2020,59.71148613,26210558,1434.519137,60.833,
Cameroon,2021,59.56859026,26915758,1443.576002,60.333,
Cameroon,2022,59.4264267,27632771,1458.661804,60.958,
Central African Republic,2004,3.239214444,4192826,433.8252278,46.038,
Central African Republic,2005,3.242017143,4288810,427.9680432,46.433,
Central African Republic,2006,3.245391148,4377579,439.2943309,46.851,1.2
Central African Republic,2007,3.249363874,4462770,450.7627854,47.426,
Central African Republic,2008,3.253908153,4558984,450.3136169,48.016,
Central African Republic,2009,4.276503326,4529047,492.2153989,48.648,
Central African Republic,2010,5.298864099,4492995,519.1414564,49.255,
Central African Republic,2011,6.320838829,4565021,532.3829549,49.948,1
Central African Republic,2012,7.342321293,4610848,553.7295783,50.686,
Central African Republic,2013,8.363180498,4642419,349.8211717,50.902,
Central African Republic,2014,9.383270395,4623182,351.5615549,50.566,
Central African Republic,2015,10.40247965,4629320,366.3228539,52.793,
Central African Republic,2016,11.42068874,4713663,376.8582541,53.46,
Central African Republic,2017,12.43774152,4793511,387.3579513,53.721,
Central African Republic,2018,13.45352072,4878657,395.0200155,54.369,
Central African Republic,2019,14.46789548,4944703,401.8258216,55.025,
Central African Republic,2020,15.48073521,5026628,398.8342741,54.604,
Central African Republic,2021,16.49190871,5112100,396.0206229,53.895,
Central African Republic,2022,16.49258301,5098039,399.1068386,54.477,
Chad,2004,20.45193115,9920036,586.5372217,48.232,
Chad,2005,20.44932419,10328092,661.0087024,48.312,0.4
Chad,2006,20.44671667,10706424,641.784341,48.286,
Chad,2007,20.44402987,11081660,640.3379142,48.751,
Chad,2008,20.44142293,11476296,637.1939393,49.024,
Chad,2009,21.27541022,11893754,640.7607362,49.196,
Chad,2010,22.10846952,12312575,702.835159,49.584,
Chad,2011,22.94086762,12754997,679.0187344,50.009,
Chad,2012,23.7728056,13210998,713.8136986,50.54,
Chad,2013,24.60461453,13691079,728.0443258,50.781,
Chad,2014,25.43655872,14188678,750.9849081,51.202,
Chad,2015,26.26885572,14647621,747.5884485,51.589,0.49
Chad,2016,27.10178395,15114655,679.1678344,52.083,
Chad,2017,27.93561809,15622759,637.4409462,52.308,0.45
Chad,2018,28.77060674,16156531,631.014596,52.825,
Chad,2019,29.60706822,16685223,630.86105,53.259,
Chad,2020,30.4452356,17224679,601.325556,52.777,
Chad,2021,31.28543333,17828273,574.1744867,52.525,
Chad,2022,31.28099164,18455316,570.2209026,52.997,
China,2017,2.87712007,1396215000,9053.228725,77.248,4.34
China,2018,2.843743926,1402760000,9619.209475,77.744,4.6
China,2019,2.811376163,1407745000,10155.51088,77.968,4.83
China,2020,2.780016092,1411100000,10358.17,78.077,5
China,2021,2.74966403,1412360000,11223.25535,78.211,
China,2022,2.72032,1412175000,11555.93024,78.587,
Colombia,2011,4.054855049,45259614,5517.101109,75.32,1.49
Colombia,2012,4.051792596,45715810,5675.75618,75.597,1.52
Colombia,2013,4.048780964,46151584,5910.805923,75.827,1.58
Colombia,2014,4.045819192,46565429,6121.83982,76.043,1.63
Colombia,2015,4.042899194,46969940,6248.514905,76.257,1.65
Colombia,2016,4.040021127,47437512,6316.070678,76.471,1.71
Colombia,2017,4.037193232,48131078,6309.677453,76.646,1.73
Colombia,2018,4.034415512,49024465,6353.546429,76.748,1.73
Colombia,2019,4.031688026,49907985,6439.963598,76.752,1.74
Colombia,2020,4.029002587,50629997,5891.955232,74.769,1.69
Colombia,2021,4.026367034,51188173,6457.169218,72.83,
Colombia,2022,4.023773304,51737944,6854.209236,73.659,
Comoros,2008,35.39824118,629307,1235.972873,60.475,
Comoros,2009,35.40136621,641947,1250.90244,60.831,
Comoros,2010,35.40600821,654836,1272.607232,61.123,2.16
Comoros,2011,35.41199112,668056,1299.111006,61.503,
Comoros,2012,35.41940405,681630,1313.581948,61.834,
Comoros,2013,35.42833337,696192,1343.546907,62.224,
Comoros,2014,35.43860086,711503,1342.32966,62.516,
Comoros,2015,35.45038906,726682,1329.370482,62.896,
Comoros,2016,35.46369378,741741,1345.626165,63.237,
Congo,2011,34.45070691,4609724,2307.493844,61.992,
Congo,2012,34.3874394,4740450,2467.061029,62.317,
Congo,2013,34.32403551,4857099,2390.657549,62.695,
Congo,2014,34.26062948,4975880,2488.681185,62.95,
Congo,2015,34.19722447,5097581,2439.351894,63.233,
Congo,2016,34.1338205,5222536,2174.193103,63.577,
Congo,2017,34.07041526,5351011,2003.271211,63.76,
Congo,2018,34.00714781,5483118,1909.956038,64.053,
Congo,2019,33.94388074,5616661,1885.510809,62.747,
Costa Rica,2005,10.32464994,4261240,8655.339654,78.505,1.32
Costa Rica,2006,10.29651562,4321340,9160.294375,78.514,1.29
Costa Rica,2007,10.26891641,4380248,9779.511494,78.462,1.27
Costa Rica,2008,10.24182899,4440056,10104.9092,78.445,1.23
Costa Rica,2009,10.21543257,4499791,9883.67567,78.672,1.22
Costa Rica,2010,10.14806678,4555962,10285.08567,78.67,1.21
Costa Rica,2011,10.08012552,4609833,10612.46949,79.348,1.2
Costa Rica,2012,10.01225422,4663934,11001.51929,79.283,1.18
Costa Rica,2013,9.944539245,4716147,11151.14379,79.403,1.16
Costa Rica,2014,9.877043212,4767119,11422.67358,78.774,1.15
Costa Rica,2015,9.809775782,4818038,11714.7106,79.086,1.15
Costa Rica,2016,9.742764798,4866998,12084.43513,79.459,1.14
Costa Rica,2017,9.676089377,4913177,12468.56545,79.377,1.13
Costa Rica,2018,9.609744501,4957818,12679.52536,79.484,1.11
Costa Rica,2019,9.543775922,4999553,12877.6501,79.427,1.09
Costa Rica,2020,9.478169402,5034320,12242.20989,79.277,1.15
Costa Rica,2021,9.459721755,5059988,13146.69279,77.023,1.18
Costa Rica,2022,9.442317938,5081765,13686.16141,77.32,
Cuba,2008,11.0262655,11291762,6469.085078,77.429,4.64
Cuba,2009,11.0254424,11294719,6561.253051,77.548,4.57
Cuba,2010,11.02462022,11297409,6716.490485,77.661,4.56
Cuba,2011,11.02379646,11301571,6902.163976,77.76,4.04
Cuba,2012,11.02297372,11303175,7109.248342,77.833,4.04
Cuba,2013,10.54559752,11298167,7307.820044,77.87,4.04
Cuba,2014,10.06767715,11285775,7392.483246,77.853,4.01
Cuba,2015,9.589067413,11275065,7727.919972,77.772,4.05
Cuba,2016,9.109833003,11265612,7774.069846,77.643,4.13
Cuba,2017,8.629207633,11247829,7927.277693,77.529,4.13
Cuba,2018,8.146816813,11227118,8120.431236,77.496,4.15
Cuba,2019,7.662362372,11202846,8124.752821,77.611,4.17
Cuba,2020,7.137128751,11176354,7252.316722,77.567,4.19
Cuba,2021,6.199339179,11122168,7379.014004,73.683,4.22
Cuba,2022,6.191291756,11059820,7552.317067,78.155,
Ivory Coast,2006,35.97921028,20546802,1437.774538,52.355,0.4
Ivory Coast,2007,36.01046989,21030558,1420.173896,52.97,
Ivory Coast,2008,36.04180668,21514439,1454.627318,53.653,
Ivory Coast,2009,36.07306792,21997940,1473.91837,54.394,
Ivory Coast,2010,36.10440177,22488065,1540.529273,55.023,
Ivory Coast,2011,36.31716924,22982000,1426.464639,55.52,
Ivory Coast,2012,36.50220563,23467078,1503.43433,56.158,
Ivory Coast,2013,36.65951074,23939775,1632.327128,56.748,
Ivory Coast,2014,36.78908569,24527395,1742.53693,57.208,
Ivory Coast,2015,36.89011962,25246342,1814.718551,57.762,
Ivory Coast,2016,36.96196774,25989405,1889.277779,58.06,
Ivory Coast,2017,37.00378308,26733372,1972.814318,58.48,
Ivory Coast,2018,37.01477727,27464173,2013.323076,58.849,
Ivory Coast,2019,36.99437835,28193009,2093.099943,59.319,
Ivory Coast,2020,36.9418986,28915449,2055.08484,59.032,
Ivory Coast,2021,36.82115272,29639736,2146.476353,58.598,
Ivory Coast,2022,36.69862233,30395002,2223.288253,58.916,
"Congo, the Democratic Republic of the",2014,38.45762692,78403242,452.3396505,58.296,
"Congo, the Democratic Republic of the",2015,38.45019773,81035531,467.9145805,58.49,
"Congo, the Democratic Republic of the",2016,38.44267319,83956415,462.4721474,59.066,
"Congo, the Democratic Republic of the",2017,38.43507076,87083398,462.4829209,59.411,
"Congo, the Democratic Republic of the",2018,38.42737334,90047644,473.2940774,59.942,
"Congo, the Democratic Republic of the",2019,38.41959979,92947442,478.6324263,60.276,
"Congo, the Democratic Republic of the",2020,38.41174458,95989998,471.5044233,59.739,
"Congo, the Democratic Republic of the",2021,38.4038245,99148932,484.78465,59.193,
"Congo, the Democratic Republic of the",2022,38.39583528,102396968,511.2992663,59.743,
Dominican Republic,2008,15.49924716,9573130,5344.930678,71.658,1.59
Dominican Republic,2009,15.5026635,9695265,5327.532792,71.871,1.46
Dominican Republic,2010,15.50599466,9820175,5698.414297,72.093,1.61
Dominican Republic,2011,15.50894835,9945621,5802.84239,72.221,1.58
Dominican Republic,2012,15.51163025,10070411,5886.665615,72.514,1.73
Dominican Republic,2013,15.3719169,10193833,6098.905037,72.713,1.72
Dominican Republic,2014,15.22888414,10315528,6451.882897,72.867,1.53
Dominican Republic,2015,15.08266742,10434829,6819.932252,72.953,1.52
Dominican Republic,2016,14.93340452,10551430,7193.701249,72.987,1.37
Dominican Republic,2017,14.78124848,10666843,7447.943407,73.063,1.49
Dominican Republic,2018,14.62647327,10782053,7882.857269,73.232,1.24
Dominican Republic,2019,14.46929873,10894043,8195.983206,73.577,1.25
Dominican Republic,2020,14.3099447,11008300,7565.842764,72.889,1.42
Dominican Republic,2021,14.14858997,11123476,8406.369342,72.615,
Dominican Republic,2022,14.14026197,11230734,8730.59335,74.17,
Ecuador,2010,9.58313318,15076695,5022.203744,75.43,1.59
Ecuador,2011,9.566155992,15326227,5359.457246,75.743,1.61
Ecuador,2012,9.551708906,15572194,5579.856243,76.062,1.49
Ecuador,2013,9.537262121,15807128,5893.321727,76.369,1.51
Ecuador,2014,9.522920598,16035124,6055.041728,76.622,1.54
Ecuador,2015,9.508474426,16266225,5976.159681,76.789,1.53
Ecuador,2016,9.494132865,16505139,5849.135879,76.763,1.39
Ecuador,2017,9.479791228,16759519,6104.272535,76.972,1.4
Ecuador,2018,9.463868328,17049547,6063.095674,77.094,1.4
Ecuador,2019,9.446468897,17340021,5971.389384,77.297,1.39
Ecuador,2020,9.427487841,17546065,5355.689331,72.153,1.32
Ecuador,2021,9.406924508,17682454,5836.167609,73.67,1.3
Ecuador,2022,9.384885377,17823897,6148.022655,77.894,
Egypt,2000,15.68170328,73083284,2458.60835,68.007,1.96
Egypt,2001,15.34886303,74652029,2492.034412,68.308,1.96
Egypt,2002,15.01616033,76239137,2498.481212,68.564,1.94
Egypt,2003,14.68359731,77853548,2524.804772,68.402,1.95
Egypt,2004,14.35117348,79477443,2574.423418,68.613,1.97
Egypt,2005,14.01888929,81101004,2635.703052,68.779,1.92
Egypt,2006,13.68674332,82700403,2761.624108,68.977,2.14
Egypt,2007,13.35868867,84276225,2902.065598,69.128,1.86
Egypt,2008,13.03302319,85864789,3052.212978,69.319,1.63
Egypt,2009,12.70720306,87501636,3135.096613,69.48,1.51
Egypt,2010,12.38141732,89196072,3233.845212,69.664,1.43
Egypt,2011,12.05548111,91093059,3222.376501,69.88,1.43
Egypt,2012,11.73259761,93161001,3220.991942,70.085,1.41
Egypt,2013,11.40946315,95333553,3216.37839,70.052,1.4
Egypt,2014,11.08625541,97528654,3235.662462,70.415,1.37
Egypt,2015,10.7628843,99597342,3306.981594,70.483,1.27
Egypt,2016,9.502749054,101644589,3381.222463,70.844,1.27
Egypt,2017,9.504544155,103696057,3452.909612,71.302,1.3
Egypt,2018,9.504610496,105682094,3568.639663,71.367,1.26
Egypt,2019,9.502882294,107553158,3701.244635,71.358,1.22
Egypt,2020,9.499359248,109315124,3770.869479,70.99,1.13
El Salvador,2010,6.92292683,6068249,3398.493461,71.848,1
El Salvador,2011,6.881937965,6090127,3514.069144,71.859,1.04
El Salvador,2012,6.841465454,6113975,3601.442229,71.831,1.08
El Salvador,2013,6.801603283,6138839,3665.154733,71.771,1.08
El Salvador,2014,6.762257916,6162955,3713.94992,71.746,1.37
El Salvador,2015,6.723475754,6183676,3790.340891,71.814,1.03
El Salvador,2016,6.685867482,6200800,3875.846914,72.025,1.07
El Salvador,2017,6.649526603,6213533,3954.840143,72.311,1.06
El Salvador,2018,6.614406972,6219807,4046.162917,72.555,1.07
Equatorial Guinea,2007,22.63429782,1036044,11594.91721,56.54,
Equatorial Guinea,2008,22.5811465,1084530,13048.07031,57.074,
Equatorial Guinea,2009,22.52902806,1135673,12627.86238,57.431,1.9
Equatorial Guinea,2010,22.47791305,1189085,10984.32439,57.878,2.1
Equatorial Guinea,2011,22.42789538,1241835,11203.90737,58.412,
Equatorial Guinea,2012,22.37904076,1293483,11650.71963,58.865,
Equatorial Guinea,2013,22.36146347,1346218,10731.64557,59.224,
Equatorial Guinea,2014,22.34404797,1399828,10363.48725,59.595,
Equatorial Guinea,2015,22.32682625,1453923,9068.910032,60.103,
Swaziland,2004,31.50672978,1073159,2511.320708,42.538,
Swaziland,2005,31.51500543,1079022,2647.505086,42.125,
Swaziland,2006,31.52328197,1084436,2792.138435,43.12,2.1
Swaziland,2007,31.52851833,1090705,2899.220202,43.641,
Swaziland,2008,31.51455308,1098091,2903.381029,44.175,
Swaziland,2009,31.50052247,1105153,2929.977205,44.639,
Swaziland,2010,31.48642816,1111650,3023.359562,46.619,
Swaziland,2011,31.47220487,1117833,3074.202675,48.195,2.1
Swaziland,2012,31.46257145,1123863,3222.721502,49.835,
Swaziland,2013,31.45287332,1129990,3329.008805,51.486,2.04
Swaziland,2014,31.44317573,1136299,3367.36337,53.05,
Swaziland,2015,31.43341339,1142813,3393.533678,55.019,
Swaziland,2016,31.423133,1149507,3492.83223,56.659,
Swaziland,2017,31.41239931,1158195,3552.085846,57.895,
Swaziland,2018,31.4011503,1168929,3546.538619,59.411,
Swaziland,2019,31.38938317,1179874,3687.990514,60.549,
Swaziland,2020,31.37709864,1192729,3542.915028,59.692,
Ethiopia,2010,53.37395979,90538514,438.7866165,59.73,
Ethiopia,2011,53.40481551,93149970,474.1590343,60.721,6.3
Ethiopia,2012,53.43634377,95798767,500.9193553,61.543,
Ethiopia,2013,53.46712368,98438751,539.0724518,62.373,
Ethiopia,2014,53.49849962,101115610,578.6329229,62.905,
Ethiopia,2015,53.53039546,103867135,621.8456738,63.649,0.3
Ethiopia,2016,53.56288125,106718162,662.3272959,64.392,0.33
Ethiopia,2017,53.59581586,109666481,706.1642273,64.838,
Ethiopia,2018,53.62941681,112664152,734.2277266,65.412,
Ethiopia,2019,53.66368627,115737383,774.5121694,65.838,
Ethiopia,2020,53.69854784,118917671,799.475595,65.371,
Ethiopia,2021,53.73407733,122138588,822.305881,64.975,
Ethiopia,2022,53.77019864,125384287,843.6433304,65.645,
Fiji,2017,11.2472296,918759,5500.678454,67.79,1.89
Fiji,2018,11.20248956,917180,5720.214512,67.81,
Fiji,2019,11.15810197,914899,5701.104412,67.893,
Fiji,2020,11.11415683,914963,4729.381351,67.924,
Fiji,2021,11.0705656,916711,4489.960653,67.114,
Fiji,2022,11.02732825,919422,5362.786863,68.312,
Gambia,2012,78.60478639,2043094,639.1398819,62.096,
Gambia,2013,78.5851311,2103820,638.5223685,62.114,
Gambia,2014,78.56566748,2164528,611.879473,62.269,1.04
Gambia,2015,78.54642353,2224529,619.5363643,62.494,1.01
Gambia,2016,78.52745175,2283769,615.1933655,63.013,1.06
Gambia,2017,78.50872806,2342189,628.7772993,62.995,
Gambia,2018,78.49028315,2399632,658.1278333,63.04,
Gambia,2019,78.47211013,2456844,682.7976429,63.755,0.94
Gambia,2020,78.4542147,2515733,670.7586429,62.612,1.11
Gambia,2021,78.43661675,2576010,689.4932396,62.083,1.15
Gambia,2022,78.41929983,2636470,710.6869792,62.906,
Georgia,2014,7.036950582,3719414,3960.350801,73.099,3.09
Georgia,2015,7.010616107,3725276,4086.622347,73.297,3.39
Georgia,2016,6.983728464,3727505,4225.091549,73.569,3.66
Georgia,2017,6.956495496,3728004,4442.507441,73.57,4
Georgia,2018,6.928778831,3726549,4713.653548,73.341,4.24
Georgia,2019,6.900646743,3720161,4975.811482,73.47,4.64
Georgia,2020,6.872031383,3722716,4659.609253,72.765,4.94
Georgia,2021,6.843070409,3708610,5175.198652,71.694,
Georgia,2022,6.813694857,3712502,5736.304496,71.587,
Ghana,2011,36.89973514,26095088,1536.860371,61.652,0.68
Ghana,2012,36.86212964,26734268,1639.518762,62.081,0.71
Ghana,2013,36.82474285,27386193,1717.526464,62.42,0.72
Ghana,2014,36.78757995,28041592,1725.293876,63.045,0.71
Ghana,2015,36.75063646,28696068,1721.699644,63.175,0.69
Ghana,2016,36.71391592,29356742,1739.726598,63.89,
Ghana,2017,36.67747219,30008354,1840.29925,64.013,
Ghana,2018,36.64130523,30637585,1914.260019,64.122,
Ghana,2019,36.60547078,31258945,1998.30812,64.74,
Ghana,2020,36.56991231,31887809,1968.966801,64.114,
Ghana,2021,36.53468902,32518665,2028.784066,63.795,
Ghana,2022,36.49979488,33149152,2066.173067,63.945,
Guatemala,2011,21.00576888,14792126,3621.373991,71.177,0.65
Guatemala,2012,20.96713239,15089647,3655.57305,71.463,0.62
Guatemala,2013,20.92694537,15387337,3717.304526,71.728,
Guatemala,2014,20.88520769,15681725,3809.615764,71.964,0.62
Guatemala,2015,20.84166062,15971743,3893.505218,72.103,0.59
Guatemala,2016,20.79669276,16268760,3924.778824,72.355,
Guatemala,2017,20.75004476,16567357,3972.740462,72.551,0.45
Guatemala,2018,20.7017173,16845685,4040.212015,72.726,0.44
Guatemala,2019,20.65196714,17103803,4139.121917,73.129,0.47
Guinea,2014,51.45761676,11472924,738.2722745,57.886,
Guinea,2015,51.41314135,11767070,747.3569668,58.134,
Guinea,2016,51.36662762,12073030,807.236421,58.763,
Guinea,2017,51.31806897,12385659,867.9075026,59.109,
Guinea,2018,51.26747071,12704774,899.907328,59.349,
Guinea,2019,51.21497555,13034346,926.4222195,59.72,
Guinea,2020,51.16029459,13371183,945.5709034,59.327,
Guinea,2021,51.10356881,13710513,973.6468901,58.892,
Guinea,2022,51.0446608,14055137,987.5025015,58.985,
Guinea-Bissau,2004,0.440484751,1349563,572.5264646,52.15,
Guinea-Bissau,2005,0.444974501,1381585,595.9425556,52.249,
Guinea-Bissau,2006,0.449499249,1415303,597.2571517,53.371,
Guinea-Bissau,2007,0.454035655,1450986,597.4820209,54.155,0.7
Guinea-Bissau,2008,0.458595341,1488054,608.9586205,54.646,
Guinea-Bissau,2009,1.300173523,1526377,608.2021319,55.541,1
Guinea-Bissau,2010,2.350258973,1566347,625.9040273,56.23,
Guinea-Bissau,2011,3.400827178,1608076,658.9534705,56.967,
Guinea-Bissau,2012,4.451899265,1651417,630.668623,57.69,
Guinea-Bissau,2013,5.503462518,1695973,634.0954561,58.232,
Guinea-Bissau,2014,6.555538011,1741122,623.6101591,58.61,
Guinea-Bissau,2015,7.608131985,1786457,645.0668372,59.128,
Guinea-Bissau,2016,8.661229281,1831893,662.4494677,59.674,
Guinea-Bissau,2017,9.714832976,1877072,677.4661313,60.066,
Guinea-Bissau,2018,10.76896891,1922168,686.4568198,60.502,
Guinea-Bissau,2019,11.82361831,1967696,707.7936738,60.882,
Guinea-Bissau,2020,12.87878629,2013255,702.1205999,59.999,
Guinea-Bissau,2021,13.93447613,2058841,729.0232219,59.652,
Guinea-Bissau,2022,13.94400974,2105529,745.6908951,59.861,
Guyana,2008,10.92846075,754606,4472.345179,66.288,
Guyana,2009,10.94082153,752094,4649.341448,66.563,2
Guyana,2010,10.9531302,749256,4860.09111,66.743,
Guyana,2011,10.96538679,746153,5133.895398,66.982,
Guyana,2012,10.96538635,746288,5403.798994,67.23,1.73
Guyana,2013,10.89113902,750021,5573.342179,67.473,1.73
Guyana,2014,10.81649101,754229,5635.717041,67.882,1.75
Guyana,2015,10.7419614,758781,5640.415606,68.201,1.76
Guyana,2016,10.6680088,763548,5818.616822,68.384,1.75
Guyana,2017,10.5951422,768479,5997.182714,68.667,1.74
Guyana,2018,10.52383882,791556,6080.906121,68.896,1.69
Guyana,2019,10.45462172,807665,6278.630541,69.124,2.18
Guyana,2020,10.38798438,807481,9010.610005,68.486,2.25
Guyana,2021,10.32442725,815482,10712.00006,65.673,2.59
Guyana,2022,10.26445044,821637,17365.33304,65.989,
Haiti,2006,35.41857066,9216562,1305.038138,60.763,
Haiti,2007,35.3485467,9373296,1343.611114,61.103,1.3
Haiti,2008,35.27801601,9530774,1356.534001,61.332,
Haiti,2009,35.20748579,9689581,1412.896535,61.741,
Haiti,2010,35.13666516,9803294,1317.583893,46.019,0.66
Haiti,2011,38.84451916,9914904,1369.169213,61.623,
Haiti,2012,42.56155598,10069771,1354.885461,62.291,
Haiti,2013,46.28803403,10222362,1392.382047,62.605,0.72
Haiti,2014,50.02377271,10373235,1411.768348,62.987,
Haiti,2015,53.76887298,10523242,1411.126847,63.237,
Haiti,2016,57.52389843,10671457,1416.748819,63.392,
Haiti,2017,61.28883923,10817754,1432.672286,63.854,
Haiti,2018,65.06339463,10962362,1437.352519,64.019,5.26
Haiti,2019,68.84730893,11105163,1394.421141,64.255,4.87
Haiti,2020,68.82080904,11243848,1331.697785,64.052,5.03
Haiti,2021,68.79489953,11374586,1292.71955,63.192,4.77
Haiti,2022,68.76957963,11503606,1256.721436,63.728,
Honduras,2006,9.685757769,7656832,2056.534915,70.261,0.54
Honduras,2007,9.613943284,7834798,2134.195406,70.376,0.56
Honduras,2008,9.542019913,8012587,2175.147094,70.441,0.51
Honduras,2009,9.47031368,8189899,2076.308599,70.911,0.55
Honduras,2010,9.398499083,8365878,2108.473145,71.088,0.61
Honduras,2011,9.847475074,8540583,2144.562655,71.439,0.57
Honduras,2012,10.31041938,8715076,2188.393788,71.734,0.6
Honduras,2013,10.78766887,8889278,2205.401267,71.963,0.63
Honduras,2014,11.27892978,9063122,2229.247722,72.259,0.61
Honduras,2015,11.78448112,9237305,2271.20266,72.487,0.6
Honduras,2016,12.30407105,9412380,2315.729831,72.588,0.63
Honduras,2017,12.83763934,9588137,2383.373984,72.692,0.64
Honduras,2018,13.3850792,9765210,2430.135037,72.814,0.64
Honduras,2019,13.94623095,9943633,2447.616493,72.881,0.65
Honduras,2020,14.50076314,10119640,2189.431687,71.462,0.71
Honduras,2021,14.60132814,10289877,2423.766349,70.123,0.66
Honduras,2022,14.60136672,10463872,2482.223849,70.728,
India,2010,38.11606158,1243481564,1235.159391,66.909,1.82
India,2011,38.02585817,1261224954,1281.610544,67.359,1.79
India,2012,37.93252848,1278674502,1333.096266,67.887,1.77
India,2013,37.83632942,1295829511,1399.453798,68.46,0.49
India,2014,37.73700256,1312277191,1484.316407,69.074,1.73
India,2015,35.52869176,1328024498,1583.998159,69.636,1.7
India,2016,33.3270369,1343944296,1694.46535,70.117,1.68
India,2017,31.13225162,1359657400,1788.697703,70.467,1.67
India,2018,28.94501644,1374659064,1883.357727,70.71,1.65
India,2019,26.76576586,1389030312,1936.030677,70.91,1.63
India,2020,24.59493737,1402617695,1806.501106,70.15,1.62
India,2021,22.43278839,1414203896,1965.309434,67.24,1.6
India,2022,20.27995471,1425423212,2086.076886,67.744,
Indonesia,2006,0.517235697,233951652,2244.080223,67.914,0.6
Indonesia,2007,0.513787064,237062337,2355.152857,68.189,0.61
Indonesia,2008,0.510325429,240157903,2464.601934,68.226,0.63
Indonesia,2009,0.506868129,243220028,2546.219697,68.494,0.68
Indonesia,2010,0.503493051,246305322,2670.81291,68.679,0.65
Indonesia,2011,2.934880749,249470032,2799.624688,68.823,0.69
Indonesia,2012,5.352900286,252698525,2930.518445,68.973,0.92
Indonesia,2013,7.757619125,255852467,3055.24246,69.264,1.1
Indonesia,2014,10.14896553,258877399,3170.72103,69.533,1.05
Indonesia,2015,12.5270705,261799249,3288.222697,69.699,1.09
Indonesia,2016,14.89199224,264627418,3416.810052,69.798,1.1
Indonesia,2017,17.24408195,267346658,3553.519993,69.936,1.15
Indonesia,2018,19.58335086,269951846,3701.321555,70.338,1.16
Indonesia,2019,21.58415461,272489381,3850.903218,70.518,1.18
Indonesia,2020,21.37761436,274814866,3739.449066,68.808,1.4
Indonesia,2021,21.18794525,276758053,3850.688773,67.57,1.36
Indonesia,2022,21.01477767,278830529,4024.920743,68.25,
Iraq,2005,3.875753541,28407448,3310.863445,64.844,1.28
Iraq,2006,3.873193252,28616515,3471.987447,63.587,1.31
Iraq,2007,3.870584876,28391607,3565.580541,63.553,1.13
Iraq,2008,3.867976307,28971036,3781.780017,64.942,1.26
Iraq,2009,3.865416044,30058206,3768.172843,66.446,1.1
Iraq,2010,3.776147393,31045366,3881.94327,67.062,1.1
Iraq,2011,3.685581185,32161424,4030.016869,67.659,1.3
Iraq,2012,3.595787299,33654842,4387.904691,68.023,1.29
Iraq,2013,3.506759578,35281989,4504.826875,68.253,1.27
Iraq,2014,3.418453756,36550059,4446.973432,68.914,1.1
Iraq,2015,3.330869815,37560535,4440.141893,69.44,1.38
Iraq,2016,3.243679952,38469627,4932.927291,68.988,1.3
Iraq,2017,3.156920145,39337353,4736.327108,70.413,1.05
Iraq,2018,3.07066338,40265624,4749.009218,71.514,1.05
Iraq,2019,2.985008805,41192171,4898.148977,71.576,1.2
Iraq,2020,2.472732224,42116605,4213.998438,69.123,1.2
Iraq,2021,2.470639322,43071211,4182.50064,70.378,1.3
Iraq,2022,2.468463053,44070551,4399.948027,71.336,
Jamaica,2007,16.14929814,2713800,5414.908807,71.418,1.7
Jamaica,2008,16.14177708,2725635,5347.632745,71.612,
Jamaica,2009,16.13429517,2736995,5094.030874,72.124,1.71
Jamaica,2010,16.12681373,2748568,4998.667181,72.622,1.82
Jamaica,2011,16.11929227,2760494,5063.193801,73.094,1.81
Jamaica,2012,16.11116684,2772430,5010.459674,73.433,1.8
Jamaica,2013,16.10239824,2783687,5016.031346,73.412,1.69
Jamaica,2014,16.09298556,2793749,5032.442631,72.982,1.69
Jamaica,2015,16.08297065,2802534,5062.895565,72.394,1.71
Kazakhstan,2011,0.755477226,17066002,9223.302134,68.69,6.98
Kazakhstan,2012,0.755321512,17306106,9531.914776,69.52,6.61
Kazakhstan,2013,0.755165784,17556502,9959.725869,70.62,6.2
Kazakhstan,2014,0.755012175,17816285,10226.71005,71.44,5.98
Kazakhstan,2015,0.75485645,18084169,10196.12263,71.97,5.75
Kazakhstan,2016,0.754700726,18363600,10151.42331,72.41,5.54
Kazakhstan,2017,0.754547115,18651931,10404.27186,72.95,5.43
Kazakhstan,2018,0.754350846,18932727,10670.21201,73.15,5.31
Kazakhstan,2019,0.754111951,19209555,10989.68407,73.18,5.13
Kenya,2011,28.31913539,42758461,1370.580009,61.046,
Kenya,2012,28.33486168,43888303,1396.301787,61.115,
Kenya,2013,28.35101268,44986791,1413.941425,61.389,
Kenya,2014,28.36751227,46051440,1450.593382,61.816,
Kenya,2015,28.3843965,47088526,1489.119598,61.892,
Kenya,2016,28.40166867,48139687,1517.977961,62.163,
Kenya,2017,28.41932618,49197766,1542.33774,62.481,
Kenya,2018,28.43741052,50207107,1596.690459,62.676,
Kenya,2019,28.4558418,51202827,1645.709618,62.943,1.33
Kenya,2020,28.47469676,52217334,1609.334141,62.675,
Kenya,2021,28.49394061,53219166,1698.895783,61.427,
Kenya,2022,28.51360805,54252461,1747.531988,62.055,
Kiribati,2015,30.6873506,116815,1639.852743,66.059,1.9
Kiribati,2016,30.66877991,118478,1731.436934,66.332,1.86
Kiribati,2017,30.65063569,120275,1769.511909,66.597,
Kiribati,2018,30.63287012,122084,1803.948645,66.855,
Kiribati,2019,30.61548487,123921,1835.219626,67.15,
Kiribati,2020,30.59852517,126099,1793.385362,67.266,
Kiribati,2021,30.5819674,128377,1911.694434,67.417,
Kiribati,2022,30.56581074,130469,1954.502751,67.661,
Kyrgyzstan,2006,13.57516312,5218373,837.1380266,67.69512195,5.01
Kyrgyzstan,2007,13.57534285,5268384.5,900.0280503,67.89512195,5.3
Kyrgyzstan,2008,13.57552211,5318729,966.4099712,68.45121951,5.28
Kyrgyzstan,2009,13.57561189,5389643,981.2209047,69.10243902,5.13
Kyrgyzstan,2010,13.57363641,5467059,962.7647898,69.3,5.06
Kyrgyzstan,2011,12.27057758,5546586.5,1005.483269,69.60243902,4.98
Kyrgyzstan,2012,10.96655592,5652076,985.8472866,70.00243902,4.92
Kyrgyzstan,2013,9.662373613,5777150,1069.784044,70.20243902,4.82
Kyrgyzstan,2014,8.358600035,5905847.5,1088.582234,70.40243902,4.74
Kyrgyzstan,2015,7.055884701,6040035.5,1105.65203,70.65121951,4.55
Kyrgyzstan,2016,5.754841734,6175337.5,1128.316253,70.95121951,4.52
Kyrgyzstan,2017,4.45617492,6306695.5,1157.182849,71.2,4.4
Kyrgyzstan,2018,3.160516234,6444078.5,1175.071369,71.4,4.28
Kyrgyzstan,2019,1.711518423,6590211,1201.877014,71.6,4.2
Kyrgyzstan,2020,0.150785022,6726595.5,1093.328646,71.8,4.19
Kyrgyzstan,2021,0.151971477,6851224,1132.554678,71.9,4.23
Kyrgyzstan,2022,0.153260205,6975219.5,1212.178214,72.04878049,
Lao People's Democratic Republic,2013,35.51816978,6611385,1890.278613,65.718,1.1
Lao People's Democratic Republic,2014,35.36622873,6703172,2006.311954,66.361,1.09
Lao People's Democratic Republic,2015,35.21280358,6801645,2121.013391,66.67,1.16
Lao People's Democratic Republic,2016,35.0576501,6908802,2234.760987,67.167,1.21
Lao People's Democratic Republic,2017,34.90151099,7018147,2351.574417,67.434,1.58
Lao People's Democratic Republic,2018,34.74438004,7128045,2459.978746,67.634,1.47
Lao People's Democratic Republic,2019,34.58601676,7237636,2554.95638,68.138,1.69
Lao People's Democratic Republic,2020,34.42666126,7346533,2529.746227,68.497,1.27
Lao People's Democratic Republic,2021,34.26632017,7453194,2556.589126,68.061,1.31
Lesotho,2008,43.30029599,1966541,971.8813668,43.566,
Lesotho,2009,43.28973383,1980883,952.7479297,44.034,
Lesotho,2010,43.27900574,1996251,995.2334325,45.596,
Lesotho,2011,43.26812603,2014009,1031.997216,46.692,
Lesotho,2012,43.25975348,2034354,1086.390348,47.835,
Lesotho,2013,43.25131962,2056504,1093.953235,49.002,
Lesotho,2014,43.24279875,2080089,1100.049937,50.033,
Lesotho,2015,43.23417201,2104611,1121.198513,51.101,
Lesotho,2016,43.22548074,2130422,1147.587488,52.264,
Lesotho,2017,43.21670774,2157110,1097.821668,53.064,
Lesotho,2018,43.20772041,2183603,1068.444629,53.733,
Lesotho,2019,43.19854011,2209405,1040.99351,54.173,
Lesotho,2020,43.18912632,2235727,944.8341187,54.693,
Lesotho,2021,43.17952357,2261542,955.2212363,53.062,
Lesotho,2022,43.16968648,2286110,967.519286,53.036,
Liberia,2007,0,3669050,574.6093943,58.285,
Liberia,2008,0,3821003,591.1853781,58.772,
Liberia,2009,0,3943028,603.2562111,59.194,0.7
Liberia,2010,0,4058890,621.7832951,59.433,0.8
Liberia,2011,0,4221178,646.908727,59.62,
Liberia,2012,0,4373043,674.3600114,59.913,
Liberia,2013,1.413568889,4470239,717.0072804,59.943,
Liberia,2014,3.81258844,4564293,707.1576949,59.121,
Liberia,2015,6.225129529,4659431,692.5900824,59.148,
Liberia,2016,8.651718511,4755608,668.0315132,60.416,0.63
Liberia,2017,11.09275298,4848925,671.2608998,60.553,
Liberia,2018,13.54882487,4944726,665.8754396,60.853,1.64
Liberia,2019,16.02036567,5043721,636.6993848,61.104,
Liberia,2020,18.50785249,5149463,605.0254754,60.948,
Liberia,2021,21.01176643,5259323,621.9279831,60.747,1.59
Liberia,2022,23.53229425,5373294,638.0051839,61.1,
Madagascar,2000,40.06138636,16516338,465.5295098,57.938,0.43
Madagascar,2001,40.04304543,17032939,478.4056149,58.57,0.33
Madagascar,2002,40.02456758,17549913,406.7012221,58.892,0.419999987
Madagascar,2003,40.98672103,18071854,433.6010403,59.491,0.4
Madagascar,2004,41.94797528,18606608,443.278655,60.149,
Madagascar,2005,42.8848194,19159707,450.9552309,60.57,0.39
Madagascar,2006,43.81940355,19730909,461.5403379,61.315,0.32
Madagascar,2007,44.75176771,20318583,473.7854623,61.757,0.32
Madagascar,2008,45.68172838,20923840,490.9639354,62.142,0.29
Madagascar,2009,46.60964075,21547280,457.7897549,62.734,
Madagascar,2010,47.53532915,22183340,447.417143,62.873,0.34
Madagascar,2011,48.45884545,22822300,441.7551584,63.494,0.32
Madagascar,2012,49.38017259,23462438,442.6415001,63.544,
Madagascar,2013,50.29937297,24109290,440.6746589,63.962,0.33
Madagascar,2014,51.2163412,24764348,443.3438699,64.255,0.32
Madagascar,2015,52.13123411,25426702,445.3200695,64.339,
Madagascar,2016,53.04394637,26099952,451.1565943,64.997,
Madagascar,2017,53.95455725,26788375,456.8518596,65.094,
Madagascar,2018,54.86304264,27494926,459.3303678,65.27,
Madagascar,2019,55.76958606,28219554,467.2774135,65.882,
Madagascar,2020,56.67398952,28953556,422.9242554,65.182,
Madagascar,2021,57.57652727,29691083,436.0900647,64.485,
Madagascar,2022,58.47700585,30437261,442.4151621,65.23,
Malawi,2000,75.85469777,11315942,418.592985,44.518,
Malawi,2001,75.18886447,11593058,388.2600398,45.895,
Malawi,2002,74.52387802,11880440,385.3089802,47.221,
Malawi,2003,73.85962711,12181574,397.2248468,48.79,
Malawi,2004,73.19623449,12500737,408.0649161,50.453,
Malawi,2005,72.53360283,12840031,410.2679796,52.044,
Malawi,2006,71.87183384,13198701,417.8776898,53.238,
Malawi,2007,71.21084078,13576343,445.2543054,53.946,1.1
Malawi,2008,70.55072398,13976417,465.551473,54.604,
Malawi,2009,69.89048818,14395788,489.6314188,55.448,
Malawi,2010,69.23030666,14826463,508.0886505,56.381,
Malawi,2011,68.57027898,15265022,517.8337366,57.455,1.3
Malawi,2012,67.91066373,15709577,512.740318,58.679,
Malawi,2013,67.25150416,16161816,525.3576455,59.729,
Malawi,2014,66.59311978,16621538,539.5626019,60.899,
Malawi,2015,65.93552661,17085587,539.6053632,61.378,
Malawi,2016,65.2790849,17557739,538.2219908,62.209,
Malawi,2017,64.62384033,18039715,544.7957292,62.977,
Malawi,2018,63.97000362,18528081,553.5287909,63.276,
Malawi,2019,63.31782719,19025752,569.8662494,64.119,
Malawi,2020,62.66745753,19533888,559.4470861,63.717,
Malawi,2021,62.01914572,20047258,569.9689673,62.904,
Malawi,2022,61.37307477,20568728,560.6357597,62.898,
Maldives,2013,1.782912172,400070,9209.237252,79.057,
Maldives,2014,1.787512371,413617,9602.502722,79.424,
Maldives,2015,1.792134408,428154,9644.90655,79.695,4.95
Maldives,2016,1.796778201,443308,9927.423275,79.872,4.94
Maldives,2017,1.801432973,458287,10280.39154,79.943,4.94
Maldives,2018,1.806109598,473099,10821.7342,80.013,4.95
Maldives,2019,1.810808123,487731,11263.19281,80.116,6.36
Maldives,2020,1.815517591,502118,7340.091297,79.875,5.04
Maldives,2021,1.820248794,516154,9818.734348,79.918,
Mali,2014,53.79196417,18020267,684.9499131,57.9,0.25
Mali,2015,53.63670622,18593022,704.8216464,58.363,0.26
Mali,2016,53.48203584,19191289,722.8120216,58.731,0.23
Mali,2017,53.3279527,19813011,737.2756747,59.132,0.23
Mali,2018,53.17484187,20442030,748.5069204,59.393,0.25
Mali,2019,53.02251422,21068405,760.7951874,59.664,
Mali,2020,52.87155422,21713836,729.0611376,58.633,
Mali,2021,52.72156836,22388630,728.6718526,58.941,
Mali,2022,52.57314771,23072640,731.6400242,59.417,
Marshall Islands,2013,12.6818207,50681,3602.928119,63.464,
Marshall Islands,2014,12.66562387,49796,3620.772753,63.623,
Marshall Islands,2015,12.64983276,48800,3764.344262,63.827,
Marshall Islands,2016,12.63441214,47709,3946.844411,64.057,
Marshall Islands,2017,12.61939799,46529,4190.934686,64.27,
Marshall Islands,2018,12.60471692,45285,4542.342939,64.5,
Marshall Islands,2019,12.59044287,44007,5162.815007,64.746,
Marshall Islands,2020,12.57650142,42706,5172.575282,64.977,
Marshall Islands,2021,12.56289218,41367,5405.274736,65.269,
Mauritania,2009,25.25847837,3284448,1469.054269,62.8,
Mauritania,2010,25.24641228,3390965,1460.191797,63.105,
Mauritania,2011,25.23430605,3502811,1472.552456,63.346,
Mauritania,2012,25.22217425,3619034,1488.971776,63.578,
Mauritania,2013,25.21005451,3734318,1502.901424,63.911,
Mauritania,2014,26.71801562,3848514,1520.646216,64.155,
Mauritania,2015,28.19303894,3965959,1554.948979,64.485,
Mauritania,2016,29.63587914,4086657,1528.051523,64.768,
Mauritania,2017,31.04708679,4210600,1576.068578,65.083,
Mauritania,2018,32.42760186,4337685,1602.902256,65.31,
Mauritania,2019,33.77808003,4467708,1605.135236,65.687,
Mauritania,2020,35.09953817,4600131,1553.306156,64.532,
Mauritania,2021,36.39265216,4734874,1520.311179,64.364,
Mauritania,2022,37.65857188,4875637,1576.756241,64.691,
Mexico,2011,6.348312714,115243504,9575.934378,74.365,1.04
Mexico,2012,6.357617244,116818208,9782.517763,74.574,1.03
Mexico,2013,6.366921124,118343573,9738.710598,74.739,1.03
Mexico,2014,6.011004386,119784261,9862.481254,74.797,1.02
Mexico,2015,5.655024545,121072306,10021.23861,74.682,1
Mexico,2016,5.299044232,122251351,10100.50212,74.412,1
Mexico,2017,4.943000796,123400057,10193.77272,74.138,0.99
Mexico,2018,4.586925536,124573711,10296.86909,74.015,0.98
Mexico,2019,4.230819106,125762982,10159.44484,74.202,0.97
Mongolia,2004,1.475381154,2508412,1942.362637,64.796,7.24
Mongolia,2005,1.494223017,2536407,2060.261682,64.879,7.14
Mongolia,2006,1.512885774,2567168,2209.743218,65.513,7.11
Mongolia,2007,1.531333405,2601850,2403.724163,65.97,6.91
Mongolia,2008,1.549565865,2643201,2576.712958,66.382,6.86
Mongolia,2009,3.076168315,2691115,2498.729675,66.766,6.65
Mongolia,2010,4.575224828,2738622,2611.673266,67.182,6.59
Mongolia,2011,6.060903343,2786317,3010.816427,67.439,6.91
Mongolia,2012,7.547938551,2839705,3318.164966,68.111,7.01
Mongolia,2013,9.03311846,2899011,3628.907081,68.585,6.98
Mongolia,2014,10.51650789,2963113,3830.35892,69.047,7.09
Mongolia,2015,11.99799146,3026864,3838.92127,69.498,7.33
Mongolia,2016,13.47761958,3088856,3817.919627,69.865,7.58
Mongolia,2017,14.95549906,3148917,3956.204944,70.237,7.72
Mongolia,2018,16.42962224,3208189,4183.855664,71.199,7.86
Mongolia,2019,15.64651818,3267673,4337.816709,71.822,7.94
Mongolia,2020,13.64375592,3327204,4066.034109,72.141,8.22
Mongolia,2021,13.6340541,3383741,4063.536698,70.975,10.55
Mongolia,2022,13.6230647,3433748,4205.885545,72.667,
Montenegro,2014,0.446435576,621810,6307.018561,76.44146341,3.86
Montenegro,2015,0.446198262,622159,6517.192675,76.44878049,3.86
Montenegro,2016,0.445960958,622303,6707.85041,76.44146341,3.86
Montenegro,2017,0.445722936,622373,7023.433812,76.48536585,3.8
Montenegro,2018,0.445484918,622227,7381.80764,76.84146341,3.86
Montenegro,2019,0.445246194,622028,7684.183972,76.68292683,3.81
Montenegro,2020,0.445006744,621306,6515.536806,75.93170732,3.81
Montenegro,2021,0.444767312,619211,7390.308117,73.82439024,
Montenegro,2022,0.444527871,617213,7889.237633,76.18780488,
Mozambique,2007,33.0155988,21287635,442.0495741,52.566,0.75
Mozambique,2008,32.95479823,21819036,460.9472949,53.164,0.79
Mozambique,2009,32.89035938,22391745,475.7881781,53.788,0.84
Mozambique,2010,32.82514089,22999235,494.1628591,54.198,0.85
Mozambique,2011,32.75940292,23649039,514.8699572,54.869,0.84
Mozambique,2012,32.69314591,24337846,540.2945178,55.639,0.85
Mozambique,2013,32.62636954,25051611,559.3939537,56.492,0.8
Mozambique,2014,32.55907247,25788475,585.2667161,57.274,0.8
Mozambique,2015,32.49125674,26547572,610.5637747,58.151,0.78
Myanmar,2010,20.41728547,49024382,854.932478,63.329,0.86
Myanmar,2011,20.40056497,49419820,895.5125387,63.901,0.87
Myanmar,2012,20.38375681,49837446,953.1230819,64.141,0.88
Myanmar,2013,20.36694874,50262658,1024.690605,64.815,0.9
Myanmar,2014,20.34996335,50681634,1099.243878,65.056,0.93
Myanmar,2015,20.33165953,51089056,1166.733055,65.561,1.06
Myanmar,2016,20.31194793,51495696,1225.37914,65.685,1.06
Myanmar,2017,20.29082673,51894938,1290.56409,65.843,1.05
Myanmar,2018,20.26821116,52272247,1361.568313,66.465,1.05
Myanmar,2019,20.24418673,52640713,1440.989882,66.61,1.04
Myanmar,2020,20.21875467,53016522,1301.313864,66.797,1.06
Myanmar,2021,20.1917388,53387102,1136.995661,65.672,
Myanmar,2022,20.16331291,53756787,1174.766979,67.256,
Namibia,2009,45.86794607,,,,
Namibia,2010,45.5711326,,,,
Namibia,2011,45.27256435,,,,
Namibia,2012,44.96376371,,,,
Namibia,2013,44.65291361,,,,
Namibia,2014,44.34001942,,,,
Namibia,2015,44.02595324,,,,
Namibia,2016,43.71568867,,,,
Namibia,2017,43.41039609,,,,
Nepal,2005,53.1648226,26309458,603.1901086,65.457,0.26
Nepal,2006,53.05925118,26565425,617.4776386,65.868,0.26
Nepal,2007,52.95165446,26788492,633.2261291,66.329,0.26
Nepal,2008,52.84237276,26990037,666.8650954,66.421,0.26
Nepal,2009,52.73140362,27173035,692.4000008,66.761,0.26
Nepal,2010,51.19958747,27341952,721.2652214,66.814,0.26
Nepal,2011,49.67669775,27464494,742.6172527,67.313,0.26
Nepal,2012,48.16186187,27534915,775.3105785,67.47,0.26
Nepal,2013,46.65638922,27589996,801.0390608,67.965,0.27
Nepal,2014,45.15984035,27672370,846.6655418,68.085,0.27
Nepal,2015,43.67318644,27823629,875.5436355,67.456,0.25
Nepal,2016,42.1963584,27955462,875.1889437,68.776,0.17
Nepal,2017,40.7300501,28011258,951.8572986,68.91,0.21
Nepal,2018,39.27450326,28079689,1021.914922,68.979,0.25
Nepal,2019,37.83037971,28414064,1077.117965,69.558,0.29
Nepal,2020,36.39795212,28966574,1031.536188,69.246,0.28
Nepal,2021,34.97784689,29475010,1062.788843,68.45,0.39
Nepal,2022,34.91400949,29715436,1113.554623,70.484,
Niger,2000,73.15801509,11509630,392.8986169,49.322,
Niger,2001,73.14311673,11920647,406.9234937,49.841,
Niger,2002,73.14412499,12349144,412.1237932,50.562,
Niger,2003,73.14492878,12796984,406.3337575,51.434,
Niger,2004,73.1457354,13265836,393.3987815,52.589,
Niger,2005,71.85465858,13756192,407.1909311,53.59,0.3
Niger,2006,70.56324016,14268581,415.8520221,54.596,
Niger,2007,69.27167955,14803610,413.4191263,55.553,
Niger,2008,67.98009897,15361915,429.1955428,56.508,
Niger,2009,66.68823423,15943675,421.6509013,57.396,
Niger,2010,65.39621935,16548835,441.0791661,58.367,0.35
Niger,2011,64.10414168,17176283,434.9862649,58.994,
Niger,2012,62.81182686,17836769,463.0662655,59.65,0.44
Niger,2013,61.51936713,18519898,469.6902142,60.239,0.32
Niger,2014,60.22643351,19215909,482.7452474,60.786,0.29
Niger,2015,58.93382352,19939498,485.6625742,61.083,0.26
Niger,2016,57.64242417,20685753,495.0174372,61.629,0.3
Niger,2017,56.3531025,21435446,501.6153055,62.16,0.18
Niger,2018,55.06667813,22188069,519.5469935,62.454,0.24
Niger,2019,53.78409521,22947757,532.1860246,62.897,0.29
Niger,2020,52.50625987,23717613,533.1943289,61.451,0.27
Niger,2021,51.23398947,24502140,523.2631795,61.576,
Niger,2022,51.24877927,25311973,566.797963,62.08,
Nigeria,2011,31.42664925,171379598,2370.976571,51.357,
Nigeria,2012,31.36034615,176200625,2403.653879,51.497,
Nigeria,2013,31.29464654,181049443,2495.341066,51.707,
Nigeria,2014,31.22955,185896915,2583.61557,51.791,
Nigeria,2015,31.1650545,190671878,2585.733607,51.841,
Nigeria,2016,31.1013877,195443700,2481.814904,52.043,
Nigeria,2017,31.0383999,200254579,2441.712364,52.305,
Nigeria,2018,30.9762397,204938755,2431.778578,52.554,
Nigeria,2019,30.91498587,209485641,2431.535285,52.91,
Nigeria,2020,30.85463491,213996181,2337.575874,52.887,
Nigeria,2021,30.79526324,218529286,2372.573145,52.676,
Nigeria,2022,30.73687128,223150896,2398.986228,53.633,
"Macedonia, the former Yugoslav Republic of",2000,0.163059862,2026350,3283.379341,72.94634146,5.03
"Macedonia, the former Yugoslav Republic of",2001,0.162921732,2034882,3169.325144,73.43658537,4.89
"Macedonia, the former Yugoslav Republic of",2002,0.162783602,2020157,3240.110645,73.03902439,4.73
"Macedonia, the former Yugoslav Republic of",2003,0.162645466,2022725,3307.920408,73.24146341,4.7
"Macedonia, the former Yugoslav Republic of",2004,0.162506674,2016186,3473.765448,73.59756098,4.67
"Macedonia, the former Yugoslav Republic of",2005,0.162388381,2005330,3657.563077,73.69756098,4.6
"Macedonia, the former Yugoslav Republic of",2006,0.162289896,1994287,3866.746506,73.89512195,4.54
"Macedonia, the former Yugoslav Republic of",2007,0.162211256,1982933,4140.633548,73.8,4.48
"Macedonia, the former Yugoslav Republic of",2008,0.162152435,1971493,4392.550716,74.4,4.46
"Macedonia, the former Yugoslav Republic of",2009,0.162114091,1958782,4405.200458,74.44634146,4.39
"Macedonia, the former Yugoslav Republic of",2010,0.162095589,1946298,4582.365175,74.99756098,4.51
"Macedonia, the former Yugoslav Republic of",2011,0.162097576,1937398,4711.130279,75.1,4.42
"Macedonia, the former Yugoslav Republic of",2012,0.162119391,1929821,4708.051685,74.90243902,4.32
"Macedonia, the former Yugoslav Republic of",2013,0.162161681,1922716,4863.680887,75.4,4.37
"Macedonia, the former Yugoslav Republic of",2014,0.162224471,1917557,5053.750012,75.45121951,4.32
"Macedonia, the former Yugoslav Republic of",2015,0.162306421,1912430,5262.686719,75.40243902,4.31
"Macedonia, the former Yugoslav Republic of",2016,0.162408864,1906313,5429.946784,75.4,4.29
"Macedonia, the former Yugoslav Republic of",2017,0.162531128,1898657,5510.818629,75.95365854,4.2
"Macedonia, the former Yugoslav Republic of",2018,0.162673231,1889051,5698.393345,76.64878049,4.14
"Macedonia, the former Yugoslav Republic of",2019,0.162835154,1876262,5961.584754,76.60243902,4.19
"Macedonia, the former Yugoslav Republic of",2020,0.163016235,1856124,5743.726494,74.39512195,4.22
"Macedonia, the former Yugoslav Republic of",2021,0.163217152,1837114,6064.923151,73.24634146,
"Macedonia, the former Yugoslav Republic of",2022,0.163436585,1831712,6250.62721,74.42487805,
Pakistan,2007,38.1731753,184493231,1265.355675,63.852,0.46
Pakistan,2008,38.09684025,189499113,1258.051889,64.036,0.45
Pakistan,2009,38.02050348,194376534,1269.074321,64.14,0.44
Pakistan,2010,37.94379117,199239047,1256.694822,64.436,0.44
Pakistan,2011,37.86670213,203746065,1261.831619,64.648,0.44
Pakistan,2012,35.68602993,207667125,1275.488069,64.782,0.46
Pakistan,2013,33.51541749,211073978,1309.700804,65.15,0.48
Pakistan,2014,31.35419183,214264647,1343.307781,65.284,0.48
Pakistan,2015,29.20241466,217290883,1380.470208,65.697,0.48
Pakistan,2016,27.06016123,220138869,1452.186583,65.88,0.5
Pakistan,2017,24.9277356,223273967,1495.261875,66.297,0.52
Pakistan,2018,22.80176917,226928892,1561.681698,66.482,0.51
Pakistan,2019,20.68320836,230800899,1573.833083,66.756,0.51
Pakistan,2020,18.57325413,235001746,1526.005975,66.269,
Pakistan,2021,16.47311828,239477801,1595.027922,66.098,
Pakistan,2022,14.38411566,243700667,1642.28067,66.431,
Papua New Guinea,2014,29.32139998,8523441,2391.357803,64.259,
Papua New Guinea,2015,29.32051334,8743246,2484.59634,64.701,
Papua New Guinea,2016,29.31910745,8961718,2557.09463,64.84,
Papua New Guinea,2017,29.31718387,9178714,2584.888364,65.103,
Papua New Guinea,2018,29.31470441,9394513,2518.458993,65.182,
Papua New Guinea,2019,29.31170672,9609010,2572.56178,65.474,0.17
Papua New Guinea,2020,29.30819369,9815746,2438.611379,65.787,
Papua New Guinea,2021,29.30408598,10012896,2378.371681,65.351,
Papua New Guinea,2022,29.2994259,10203169,2467.234889,65.958,
Paraguay,2012,17.82479193,5897008,5230.262449,72.454,0.84
Paraguay,2013,17.78814168,5982445,5583.122745,72.757,0.87
Paraguay,2014,17.75313529,6069811,5794.476444,72.878,0.89
Paraguay,2015,17.71825501,6159103,5879.337923,73.191,0.84
Paraguay,2016,17.6833757,6249126,6041.958794,73.534,0.89
Paraguay,2017,17.64874796,6338660,6243.133631,73.644,0.89
Paraguay,2018,17.61272986,6427382,6354.239201,73.568,0.9
Paraguay,2019,17.57557554,6515058,6243.536209,73.621,0.9
Paraguay,2020,17.53715603,6603739,6109.196081,73.182,1.01
Philippines,2011,11.6656298,98248614,2416.752121,70.788,1.06
Philippines,2012,11.66147183,100175512,2533.74142,70.881,1.03
Philippines,2013,11.65729201,102076336,2654.415069,70.835,0.97
Philippines,2014,11.65313468,103767130,2776.920059,71.151,0.94
Philippines,2015,11.64895455,105312992,2909.85818,71.268,0.95
Philippines,2016,11.64477505,106735719,3076.337419,71.387,1.05
Philippines,2017,11.6402451,108119693,3247.450388,71.516,0.99
Philippines,2018,11.63532154,109465287,3410.93648,71.689,0.95
Philippines,2019,11.63002589,110804683,3575.881709,71.865,0.98
Philippines,2020,11.62435807,112081264,3198.6669,72.119,0.99
Philippines,2021,11.61831835,113100950,3350.975876,69.266,0.96
Philippines,2022,11.61190643,113964338,3577.701366,72.187,
"Moldova, Republic of",2008,6.533382955,2868833,2249.225897,69.394,5.72
"Moldova, Republic of",2009,6.535573888,2865213,2116.943575,69.573,5.85
"Moldova, Republic of",2010,6.537765366,2862354,2269.511161,69.357,5.99
"Moldova, Republic of",2011,6.539956394,2860699,2402.944463,69.192,6.13
"Moldova, Republic of",2012,6.542147722,2860324,2389.086661,69.143,6.32
"Moldova, Republic of",2013,6.544338699,2859558,2605.8503,69.099,6.08
"Moldova, Republic of",2014,6.546529999,2857815,2737.801851,69.031,6.03
"Moldova, Republic of",2015,6.546953981,2835978,2749.551371,69.24,5.74
"Moldova, Republic of",2016,6.545469728,2803186,2910.954869,69.917,5.83
Rwanda,2000,0,8213931,333.3550698,47.129,
Rwanda,2001,0,8287094,358.4460368,49.021,
Rwanda,2002,0,8400180,400.2703968,51.032,
Rwanda,2003,0.160130322,8586875,400.1915962,53.368,
Rwanda,2004,2.347443982,8816844,418.7809717,55.491,1.7
Rwanda,2005,4.732843762,9054528,446.0297824,57.316,
Rwanda,2006,7.118208477,9299246,474.3645705,58.714,1.6
Rwanda,2007,9.503536551,9549933,497.1715917,59.965,1.6
Rwanda,2008,11.88882997,9804269,538.3253392,61.134,0.6
Rwanda,2009,14.27407608,10060432,557.3977708,61.958,0.75
Rwanda,2010,16.65929853,10317553,583.3713808,62.54,0.74
Rwanda,2011,19.04448583,10573733,614.5396126,63.261,0.72
Rwanda,2012,21.4296142,10829901,651.8527788,64.009,0.71
Rwanda,2013,23.81472907,11093340,666.4087481,64.426,0.77
Rwanda,2014,26.19925506,11364757,690.6103527,64.94,0.71
Rwanda,2015,28.58295059,11640022,733.998585,65.298,0.74
Rwanda,2016,30.96568298,11919183,759.6062417,65.737,0.73
Rwanda,2017,33.34716864,12202060,771.0691904,65.941,0.72
Rwanda,2018,35.72718944,12487996,817.5783873,66.251,0.72
Rwanda,2019,38.1055891,12776103,874.6396055,66.437,0.72
Rwanda,2020,40.48210283,13065837,826.3912572,66.774,0.74
Rwanda,2021,42.85651038,13355260,896.2672254,66.072,
Rwanda,2022,42.84665883,13651030,948.3791944,67.129,
Saint Lucia,2008,7.437459428,168808,10583.44966,72.698,
Saint Lucia,2009,7.439676625,169869,10219.8204,72.722,1.5
Saint Lucia,2010,7.44151952,170906,10191.33263,72.72,
Saint Lucia,2011,7.441519563,171801,10576.9166,72.944,1.47
Saint Lucia,2012,7.441519402,172587,10517.29629,72.882,
Saint Lucia,2013,7.441493086,173369,10259.93368,72.735,1.21
Saint Lucia,2014,7.441442043,174138,10369.97704,72.864,
Saint Lucia,2015,7.441362506,174905,10334.92256,73.138,1.42
Saint Lucia,2016,7.441258519,175646,10644.119,73.112,
Samoa,2016,25.84906619,203499,4373.237924,72.54,
Samoa,2017,25.87830175,205415,4393.373163,72.59,
Samoa,2018,25.90498435,207582,4321.005183,72.636,
Samoa,2019,25.92885749,209780,4466.080755,72.157,
Samoa,2020,25.95017764,211944,4283.072803,72.768,
Samoa,2021,25.96894616,213779,3945.719489,72.767,
Samoa,2022,25.98503096,215261,3710.624627,72.598,
Sao Tome and Principe,2008,12.80798082,173793,1214.141147,65.079,
Sao Tome and Principe,2009,12.77377788,177853,1225.605419,65.116,
Sao Tome and Principe,2010,12.73999429,181802,1216.350252,65.249,
Sao Tome and Principe,2011,12.70671909,185649,1214.961303,64.902,2.9
Sao Tome and Principe,2012,12.67392253,189439,1225.694526,65.746,
Sao Tome and Principe,2013,13.1804687,193148,1263.70424,66.328,
Sao Tome and Principe,2014,13.68293057,196767,1301.321464,66.845,
Sao Tome and Principe,2015,14.18169341,200291,1298.109466,67.249,
Sao Tome and Principe,2016,14.67706707,203689,1342.533808,67.492,
Sao Tome and Principe,2017,15.16935401,206970,1375.594033,68.267,
Sao Tome and Principe,2018,15.6588448,210187,1413.843486,68.355,
Sao Tome and Principe,2019,16.14581947,213392,1420.660083,68.523,2.89
Sao Tome and Principe,2020,16.63054699,217435,1430.841193,67.785,
Sao Tome and Principe,2021,17.11323213,221961,1428.286761,67.591,
Sao Tome and Principe,2022,17.07642651,226305,1403.233567,68.794,
Senegal,2011,21.33426423,12958897,1139.744479,65.262,
Senegal,2012,21.34264438,13310495,1154.05678,65.457,
Senegal,2013,21.3510444,13710849,1147.385922,66.072,
Senegal,2014,21.35946503,14152102,1180.798711,66.452,
Senegal,2015,21.36806644,14593331,1218.006136,66.879,0.69
Senegal,2016,21.37683119,15034521,1257.409069,67.497,0.73
Senegal,2017,21.38579602,15475002,1312.109328,67.75,
Senegal,2018,21.39492341,15914498,1355.096109,68.097,
Senegal,2019,21.40423162,16352922,1379.608752,68.526,0.73
Senegal,2020,21.41370244,16789219,1361.791437,68.006,
Senegal,2021,21.42335405,17220867,1414.539511,67.093,
Senegal,2022,21.43316826,17651103,1432.86013,67.913,
Serbia,2006,0.419514524,7411569,5016.412841,73.38536585,5.27
Serbia,2007,0.418450248,7381579,5431.27889,73.63170732,5.09
Serbia,2008,0.417390753,7350222,5735.947716,73.88536585,5.08
Serbia,2009,0.416331218,7320807,5578.01198,73.98536585,5.1
Serbia,2010,0.41527652,7291436,5690.703269,74.33658537,5.13
Serbia,2011,0.414216996,7236519,5737.001199,74.53658537,5.15
Serbia,2012,0.41354405,7201497,5739.307502,74.83658537,5.16
Serbia,2013,0.413004758,7166553,5793.336142,75.18536585,5.21
Serbia,2014,0.412460698,7131787,5716.540478,75.33658537,5.22
Sierra Leone,2004,45.34465341,5355717,740.9510275,47.577,
Sierra Leone,2005,45.32604844,5501712,752.6902532,48.237,
Sierra Leone,2006,45.30392845,5624466,767.7977327,49.323,0.4
Sierra Leone,2007,45.28169484,5749352,811.0333837,50.365,
Sierra Leone,2008,45.25934485,5894722,834.0321317,51.526,
Sierra Leone,2009,42.88710812,6055646,837.9247481,52.626,
Sierra Leone,2010,40.51854742,6222714,869.5520436,53.693,
Sierra Leone,2011,38.15363414,6387251,898.0646058,54.62,
Sierra Leone,2012,35.79239706,6551080,1008.713261,55.451,
Sierra Leone,2013,33.43493063,6714051,1191.694332,56.313,
Sierra Leone,2014,31.08117761,6876385,1216.61117,56.393,
Sierra Leone,2015,28.73119098,7037655,945.1481685,57.189,
Sierra Leone,2016,26.38496872,7205328,981.7439789,58.404,
Sierra Leone,2017,24.04243324,7379299,994.5827426,58.652,
Sierra Leone,2018,21.70369637,7554563,1005.248218,59.796,
Sierra Leone,2019,19.36892179,7731991,1036.227067,60.255,
Sierra Leone,2020,17.03825267,7912558,999.8888851,59.763,
Sierra Leone,2021,14.71183079,8094602,1035.037775,60.062,
Sierra Leone,2022,12.38980172,8276807,1066.039123,60.411,
Solomon Islands,2011,34.53725034,552945,2132.019984,68.908,1.66
Solomon Islands,2012,34.40560299,573606,2105.907589,69.084,1.4
Solomon Islands,2013,34.27367299,594945,2136.720368,69.188,
Solomon Islands,2014,34.14174025,616908,2085.155001,69.234,
Solomon Islands,2015,34.00952482,639415,2045.478895,69.583,
Solomon Islands,2016,33.87759337,662379,2084.245984,69.801,
Solomon Islands,2017,33.7456627,685672,2075.3623,69.988,
Solomon Islands,2018,33.61373198,709101,2061.897844,70.173,
Solomon Islands,2019,33.48237123,728147,2043.075789,70.382,
Somalia,2013,54.47866218,12869594,397.108794,53.843,0.87
Somalia,2014,54.46925581,13339491,417.5167945,54.277,0.87
Somalia,2015,54.45978001,13806963,445.5830786,54.857,0.87
Somalia,2016,54.45021873,14348740,458.9214769,55.044,0.87
Somalia,2017,54.44059462,14916629,506.501097,55.654,0.87
Somalia,2018,54.43088326,15452487,498.9810621,56.375,0.87
Somalia,2019,54.42112523,16030971,494.5593758,57.078,0.87
Somalia,2020,54.41129773,16651191,463.0325221,55.967,
Somalia,2021,54.40142033,17271431,461.842092,55.28,
Somalia,2022,54.39149205,17801897,460.2996431,56.107,
South Africa,2012,44.04069111,53782567,6121.557839,61.846,
South Africa,2013,43.95089601,54678791,6170.876709,62.533,
South Africa,2014,43.86144594,55594838,6155.005895,63.38,
South Africa,2015,43.77251227,56723537,6112.273825,63.95,
South Africa,2016,43.68409576,57259551,6095.29506,64.747,
South Africa,2017,43.59637106,57635162,6125.692051,65.402,
South Africa,2018,43.50933228,58613001,6117.270141,65.674,
South Africa,2019,43.42298368,59587885,6032.829726,66.175,
South Africa,2020,43.3371528,60562381,5569.584833,65.252,
Sri Lanka,2017,3.353674151,21444000,4440.51155,75.403,3.87
Sri Lanka,2018,3.352176822,21670000,4495.710463,75.748,3.93
Sri Lanka,2019,3.350403138,21803000,4458.434427,76.008,4
Sri Lanka,2020,3.348320162,21919000,4229.749629,76.393,4.02
Sri Lanka,2021,3.345927857,22156000,4360.566563,76.399,
Sri Lanka,2022,3.34322617,22181000,4035.651163,76.61,
"Palestinian Territory, Occupied",2014,4.469066924,4173398,3227.849345,72.622,
"Palestinian Territory, Occupied",2015,4.473113466,4270092,3272.154324,74.406,
"Palestinian Territory, Occupied",2016,4.47723932,4367088,3483.099035,74.554,
"Palestinian Territory, Occupied",2017,4.481460251,4454805,3462.979861,74.833,
"Palestinian Territory, Occupied",2018,4.485744938,4569087,3417.794408,74.793,
"Palestinian Territory, Occupied",2019,4.490124578,4685306,3378.434621,75.241,
"Palestinian Territory, Occupied",2020,4.494552078,4803269,2922.468011,74.403,
"Palestinian Territory, Occupied",2021,4.49905872,4922749,3051.48607,73.473,
"Palestinian Territory, Occupied",2022,4.503628993,5043612,3099.960901,73.444,
Sudan,2010,15.86982374,35414399,1311.223145,63.016,0.72
Sudan,2011,15.86982374,36140806,1388.21814,63.246,0.84
Sudan,2012,15.86982374,36923178,1288.258545,63.792,0.82
Sudan,2013,17.61853275,37785849,1283.459229,63.678,0.82
Sudan,2014,19.36724176,38823318,1307.389648,64.269,0.8
Sudan,2015,21.11595078,40024431,1292.379639,64.659,0.67
Sudan,2016,22.86465979,41259892,1297.154541,64.78,0.67
Sudan,2017,24.6133688,42714306,1261.873535,65.445,0.74
Sudan,2018,26.36207781,44230596,1185.944458,65.681,0.66
Suriname,2014,16.83354397,575373,9224.243784,69.782,2.96
Suriname,2015,16.83755067,581627,8813.617054,70.8,2.93
Suriname,2016,16.83949377,587757,8293.31553,71.592,2.83
Suriname,2017,16.83937266,593713,8338.692354,72.417,2.86
Suriname,2018,16.83706468,599513,8666.648707,72.553,2.88
Suriname,2019,16.83281468,605768,8677.30522,72.242,2.72
Suriname,2020,16.82625785,612317,7213.107667,72.561,2.89
Suriname,2021,16.8177578,617896,6973.899419,70.274,
Suriname,2022,16.807073,623164,7081.333573,70.289,
Syrian Arab Republic,2012,10.67688302,22759763,1142.290802,66.769,1.53
Syrian Arab Republic,2013,10.71129644,21666917,884.3298133,63.827,1.52
Syrian Arab Republic,2014,10.74581057,20273659,847.6598772,63.153,1.5
Syrian Arab Republic,2015,10.72340457,19424618,847.7316319,65.124,1.47
Syrian Arab Republic,2016,10.70103262,19193834,802.9694983,65.993,1.46
Syrian Arab Republic,2017,10.67872761,19224668,795.883217,68.481,1.4
Syrian Arab Republic,2018,10.65652329,19577845,792.4138117,70.145,1.26
Syrian Arab Republic,2019,10.63441967,20353534,771.5186953,71.822,1.26
Syrian Arab Republic,2020,10.61248349,21049429,740.811397,72.14,1.39
Syrian Arab Republic,2021,10.59071555,21628839,734.3342363,72.063,1.43
Syrian Arab Republic,2022,10.56908128,22462173,712.2722782,72.3,
Tajikistan,2006,18.99324265,7057566,649.1633288,67.013,5.72
Tajikistan,2007,18.99298012,7194477,686.4809019,67.217,5.4
Tajikistan,2008,18.99271709,7338403,726.1854913,67.688,5.28
Tajikistan,2009,18.99245515,7490230,739.2128785,68.039,5.17
Tajikistan,2010,18.99219297,7652141,770.6041054,67.742,5.01
Tajikistan,2011,19.52112769,7824785,809.3682292,68.148,4.9
Tajikistan,2012,20.04685853,8014084,849.5190808,68.484,4.79
Tajikistan,2013,20.56954729,8216724,889.8823831,68.885,4.74
Tajikistan,2014,21.08866741,8425552,925.9709615,69.069,4.65
Tajikistan,2015,21.60411693,8643840,956.9163109,69.306,4.58
Tajikistan,2016,22.11549845,8865631,997.3526146,69.549,4.56
Tajikistan,2017,22.62255652,9085946,1042.263918,69.905,4.49
Tajikistan,2018,23.12520051,9307333,1094.800202,70.353,4.43
Tajikistan,2019,23.62285358,9529966,1148.346767,70.867,4.35
Tajikistan,2020,23.59015183,9749310,1171.901275,67.994,4.36
Tajikistan,2021,23.5536316,9966908,1254.069996,71.594,4.32
Tajikistan,2022,23.51345941,10182222,1325.755453,71.288,
Thailand,2010,9.433534233,68579447,5059.357478,76.131,1.96
Thailand,2011,9.398498942,69007208,5070.237402,76.421,2.1
Thailand,2012,9.367416447,69436098,5403.87846,76.772,2.13
Thailand,2013,9.336291926,69845114,5516.611642,77.083,2.17
Thailand,2014,9.30508467,70216367,5541.465994,77.415,2.15
Thailand,2015,9.273836122,70540795,5688.853354,77.717,2.14
Thailand,2016,9.242461986,70859841,5857.780529,78.049,2
Thailand,2017,9.21117161,71160187,6076.743077,78.394,2.13
Thailand,2018,9.180005686,71376079,6314.199484,78.662,2.1
Thailand,2019,9.149089717,71522271,6434.537705,78.975,2.22
Thailand,2020,9.118381728,71641484,6035.186277,79.274,2.33
Thailand,2021,9.087881597,71727332,6122.492385,78.715,2.34
Thailand,2022,9.05767308,71735329,6272.57591,79.68,
Timor-Leste,2012,64.86325449,1134885,1269.416293,66.081,
Timor-Leste,2013,64.80754256,1158695,1281.928641,66.44,
Timor-Leste,2014,64.75135719,1181903,1312.964941,66.787,
Timor-Leste,2015,64.6946965,1205131,1319.592974,67.137,
Timor-Leste,2016,64.63755563,1228312,1333.658547,67.446,
Timor-Leste,2017,64.58010135,1251703,1267.086601,67.745,
Timor-Leste,2018,64.52200973,1275959,1237.200647,68.017,
Timor-Leste,2019,64.46344174,1300945,1507.247483,68.268,
Timor-Leste,2020,64.40423849,1326053,1947.839971,68.475,
Togo,2004,15.83021968,5696508,678.2875462,55.569,0.8
Togo,2005,15.83763206,5844631,630.2486283,55.962,0.71
Togo,2006,15.84509243,6010668,629.0798559,56.222,0.86
Togo,2007,15.85260093,6188344,603.8378964,56.511,0.65
Togo,2008,15.8601742,6368812,610.4056557,56.695,0.63
Togo,2009,15.22472643,6551865,625.7118367,57.011,0.64
Togo,2010,14.59101166,6732590,644.5637303,57.304,0.59
Togo,2011,13.95947687,6916474,663.9637781,57.925,0.57
Togo,2012,13.33004013,7100736,687.4957957,58.073,0.64
Togo,2013,12.70243332,7285442,709.0923042,58.684,0.64
Togo,2014,12.0767147,7472450,730.2915254,58.853,0.63
Togo,2015,11.45290017,7663195,751.0524051,59.396,0.65
Togo,2016,10.83112561,7858289,763.2765491,59.55,0.67
Togo,2017,10.21139609,8057140,774.2769091,60.154,0.65
Togo,2018,9.593743561,8258778,791.5935324,60.244,0.65
Togo,2019,8.978199246,8463068,810.5141328,60.901,0.58
Togo,2020,8.99773504,8669720,806.9564904,61.035,
Togo,2021,9.017483065,8878379,835.1990513,61.619,
Togo,2022,9.037407597,9089738,862.7637127,61.588,
Tonga,2015,28.51792146,106095,4123.90324,70.607,
Tonga,2016,28.52665794,105524,4419.814729,70.661,
Tonga,2017,28.53539468,105356,4568.624687,70.713,
Tonga,2018,28.54165668,105567,4590.842059,70.779,
Tonga,2019,28.54561394,105669,4576.850819,70.871,
Tonga,2020,28.54693096,105704,4656.931662,70.928,
Tonga,2021,28.54610855,105490,4683.299227,70.986,
Tonga,2022,28.54264629,105042,4594.634284,71.27,
Trinidad and Tobago,2007,4.061864683,1303188,17765.95008,71.652,2.7
Trinidad and Tobago,2008,4.061864683,1308587,18292.73909,71.47,2.5
Trinidad and Tobago,2009,4.061864683,1310106,17469.0935,73.126,2.6
Trinidad and Tobago,2010,4.061864683,1317714,17945.41875,72.725,2.01
Trinidad and Tobago,2011,4.061864683,1328019,17753.75483,73.278,
Trinidad and Tobago,2012,4.061864683,1335194,18973.33631,73.716,2.55
Trinidad and Tobago,2013,4.061864683,1340557,19564.84916,73.962,2.53
Trinidad and Tobago,2014,4.061864683,1345343,20246.52385,74.215,2.79
Trinidad and Tobago,2015,4.061864683,1349667,20024.75466,74.503,2.38
Tunisia,2006,8.46523532,10346410,3444.555825,74.921,1.71
Tunisia,2007,8.415362102,10441702,3642.124503,75.072,1.7
Tunisia,2008,8.365664119,10542635,3760.123167,75.185,1.76
Tunisia,2009,8.316140346,10650681,3835.255099,75.267,1.78
Tunisia,2010,8.266966826,10765980,3906.911331,75.421,1.8
Tunisia,2011,7.896277075,10886035,3784.746204,75.46,1.78
Tunisia,2012,7.532319088,11009647,3900.051265,75.55,1.77
Tunisia,2013,7.175336465,11141361,3947.592761,75.65,1.78
Tunisia,2014,6.824840059,11274288,4021.604769,75.65,1.77
Tunisia,2015,6.480014717,11402264,4014.947737,75.692,1.77
Tunisia,2016,6.141210257,11528674,4015.296641,75.786,1.77
Tunisia,2017,5.808638125,11650498,4062.226775,75.845,1.78
Tunisia,2018,5.482427854,11765514,4128.103938,75.95,1.79
Tunisia,2019,5.162894732,11875081,4154.958616,75.993,1.79
Tunisia,2020,4.850307026,11974057,3749.267224,75.292,2.38
Tunisia,2021,4.831773569,12048622,3902.542583,73.772,2.42
Tunisia,2022,4.812892578,12119334,3983.491305,74.263,
Turkmenistan,2000,6.319332453,4582677,2255.014968,65.026,5.23
Turkmenistan,2001,5.949200273,4675409,2306.300576,65.156,5.35
Turkmenistan,2002,5.578426101,4769465,2266.633663,65.385,5.27
Turkmenistan,2003,5.206990127,4863865,2295.296206,65.746,5.19
Turkmenistan,2004,4.834892366,4958093,2364.267252,66.075,5.07
Turkmenistan,2005,4.46231907,5052257,2622.617963,66.068,4.35
Turkmenistan,2006,4.089215242,5147105,2856.77457,66.499,4.29
Turkmenistan,2007,3.715519344,5244046,3114.0633,66.895,4.02
Turkmenistan,2008,3.341132611,5345029,3504.348433,67.407,3.98
Turkmenistan,2009,2.966012684,5451592,3645.435224,67.958,3.97
Turkmenistan,2010,2.590074873,5564356,3900.142379,68.293,3.92
Turkmenistan,2011,2.213252642,5683417,4379.749434,68.567,3.87
Turkmenistan,2012,1.835481969,5808546,4761.079276,68.722,3.76
Turkmenistan,2013,1.456692426,5939341,5131.167365,68.74,3.71
Turkmenistan,2014,1.076814951,6075283,5533.035288,68.614,3.78
Turkmenistan,2015,0.69578328,6215770,5759.497904,68.782,4.25
Turkmenistan,2016,0.313530564,6360041,5977.838281,68.777,4.21
Turkmenistan,2017,0,6507061,6222.555906,68.916,4.21
Turkmenistan,2018,0,6655524,6460.943568,68.796,4.19
Turkmenistan,2019,0,6803944,6718.166081,69.002,4.13
Turkmenistan,2020,0,6949912,6965.112269,68.687,4.09
Turkmenistan,2021,0,7092043,7248.707632,69.264,4.03
Turkmenistan,2022,0,7230193,7551.036501,69.41,
Turks and Caicos Islands,2016,4.526223866,38315,26370.38227,76.864,
Turks and Caicos Islands,2017,4.525424959,39913,24681.72442,76.702,
Turks and Caicos Islands,2018,4.524676897,41559,25034.11631,76.443,
Turks and Caicos Islands,2019,4.523979299,43166,25382.18333,75.326,
Turks and Caicos Islands,2020,4.52332674,44386,18073.28522,75.001,
Turks and Caicos Islands,2021,4.522717047,45243,19331.2436,74.587,
Turks and Caicos Islands,2022,4.522149862,45847,20259.31607,74.925,
Tuvalu,2016,5.20180664,10930,3558.61213,64.108,
Tuvalu,2017,5.231893192,10869,3666.201897,64.148,
Tuvalu,2018,5.261027906,10751,3757.859973,64.212,
Tuvalu,2019,5.2891768,10581,4345.996065,64.278,
Tuvalu,2020,5.316339944,10399,4233.018321,64.382,
Tuvalu,2021,5.342551014,10194,4396.048945,64.547,
Tuvalu,2022,5.36777633,9992,4515.297015,64.854,
Uganda,2000,19.88491053,24000150,509.1975532,48.342,
Uganda,2001,20.84608376,24745676,519.4565479,49.006,
Uganda,2002,21.79943716,25532870,547.4053389,49.648,
Uganda,2003,22.74465636,26352124,564.7205392,50.368,
Uganda,2004,23.68149561,27154515,585.3394891,51.547,0.7
Uganda,2005,24.60935286,27963289,604.4048131,52.976,1
Uganda,2006,25.52827067,28794003,650.2705409,54.369,1.1
Uganda,2007,26.43774174,29653430,684.5422418,55.236,
Uganda,2008,27.33754481,30539553,722.565167,55.823,
Uganda,2009,28.22728583,31451151,749.3428655,56.488,0.4
Uganda,2010,29.1067041,32390802,768.6240917,57.055,0.5
Uganda,2011,29.97544863,33354543,816.5163666,57.965,
Uganda,2012,30.83319238,34337438,823.5804683,58.817,
Uganda,2013,31.67964733,35337042,828.9886697,59.763,
Uganda,2014,32.51443685,36395539,845.9786648,60.408,
Uganda,2015,33.33726241,37531446,862.9346104,61.086,
Uganda,2016,34.14791209,38799152,874.6483706,61.648,
Uganda,2017,34.9461313,40177388,871.09388,62.115,
Uganda,2018,35.73181288,41565831,895.0751279,62.714,
Uganda,2019,36.50451425,42999637,920.9391015,62.991,
Uganda,2020,37.26423484,44457152,917.0350318,62.851,
Uganda,2021,38.01078533,45910930,919.4016752,62.705,
Uganda,2022,38.74385845,47312719,933.0940564,63.638,
"Tanzania, United Republic of",2010,63.86921785,44758488,801.2993164,60.105,0.74
"Tanzania, United Republic of",2011,63.77090676,46029367,838.9992676,61.049,0.76
"Tanzania, United Republic of",2012,63.67101052,47374260,851.9107056,62.03,
"Tanzania, United Republic of",2013,63.56996824,48824128,882.8115234,62.96,1
"Tanzania, United Republic of",2014,63.46821146,50351512,913.8112183,63.873,0.68
"Tanzania, United Republic of",2015,63.36573121,52020962,939.1273193,64.651,
"Tanzania, United Republic of",2016,63.26281762,53824013,970.1561279,65.386,0.46
"Tanzania, United Republic of",2017,63.15933273,55652890,1001.887451,65.999,
"Tanzania, United Republic of",2018,63.05541915,57437145,1024.015259,66.535,0.43
"Tanzania, United Republic of",2019,62.9513553,59174891,1051.766602,66.989,0.61
"Tanzania, United Republic of",2020,62.84686398,60972798,1041.259644,66.408,0.63
"Tanzania, United Republic of",2021,62.74237285,62830412,1054.317261,66.201,
"Tanzania, United Republic of",2022,62.6377371,64711821,1070.585327,66.782,
Uzbekistan,2018,0.084595884,32373490,3108.161879,71.149,4.73
Uzbekistan,2019,0.084520469,32964701,3259.369646,71.344,4.65
Uzbekistan,2020,0.084491981,33586372,3249.051911,70.331,4.78
Uzbekistan,2021,0.084510415,34243696,3442.724845,70.862,4.86
Uzbekistan,2022,0.084575779,34938955,3576.715527,71.674,
Vanuatu,2007,33.15361256,221276,2767.000511,69.544,
Vanuatu,2008,33.11540891,226896,2849.605294,69.602,1.68
Vanuatu,2009,33.07682187,232731,2862.541541,69.653,
Vanuatu,2010,33.05425847,238248,2831.456113,69.617,
Vanuatu,2011,33.04156598,243474,2857.674796,69.551,
Vanuatu,2012,32.41556934,248883,2823.80523,69.497,
Vanuatu,2013,31.7884108,254482,2774.474468,69.534,
Vanuatu,2014,31.16008841,260240,2798.19314,69.465,
Vanuatu,2015,30.53060332,266101,2746.591719,69.513,
Vanuatu,2016,29.89979721,272087,2812.113604,69.65,
Vanuatu,2017,29.26781834,278507,2920.844921,69.71,
Vanuatu,2018,28.63297426,285259,2934.415484,69.795,
Vanuatu,2019,27.99526765,291985,2959.738977,69.877,
Vanuatu,2020,27.35417844,298858,2747.30576,70.299,
Vanuatu,2021,26.01032726,305868,2642.673052,70.449,
Vanuatu,2022,21.8931876,313046,2631.551863,70.492,
Vietnam,2005,14.14186135,81088313,1609.962683,73.271,1.53
Vietnam,2006,14.08397729,82167897,1699.676203,73.319,1.57
Vietnam,2007,14.02523533,83633375,1788.948503,73.436,1.68
Vietnam,2008,13.96572981,85175788,1856.005199,73.411,1.77
Vietnam,2009,13.90527083,86460018,1927.134271,73.498,1.9
Vietnam,2010,13.57108148,87455152,2027.581844,73.513,2.02
Vietnam,2011,13.23659705,88468314,2132.904538,73.692,2.21
Vietnam,2012,12.90173226,89510356,2224.114043,73.704,2.28
Vietnam,2013,12.56687073,90573104,2320.084314,73.775,2.31
Vietnam,2014,12.23164529,91679578,2439.286557,73.855,2.43
Vietnam,2015,11.89615736,92823254,2577.568853,73.876,2.53
Vietnam,2016,11.56050976,94000117,2715.578874,73.938,2.49
Vietnam,2017,11.22517083,95176977,2868.1368,73.963,2.55
Vietnam,2018,10.89005203,96237319,3048.283276,73.976,
Vietnam,2019,10.55515508,97173776,3241.07649,74.093,
Vietnam,2020,10.22048448,98079191,3303.169498,75.378,
Vietnam,2021,9.886315998,98935098,3358.217348,73.618,
Vietnam,2022,9.552468228,99680655,3603.864548,74.58,
Yemen,2009,27.79971095,25927724,2257.447592,67.196,0.65
Yemen,2010,27.74411077,26754387,2356.199574,67.28,0.65
Yemen,2011,27.68793514,27582897,1994.836608,67.419,0.63
Yemen,2012,27.63118793,28433647,1981.457975,67.343,0.62
Yemen,2013,27.57377321,29312952,2014.72888,67.545,0.6
Yemen,2014,27.51587795,30226309,1950.16252,67.384,0.58
Yemen,2015,27.45741135,31159379,1362.173794,65.873,0.71
Yemen,2016,27.3984669,32109010,1197.958644,66.064,0.71
Yemen,2017,27.33904431,33090921,1103.456334,65.957,0.71
Zambia,2008,30.26804926,13021324,1053.586123,53.945,1.9
Zambia,2009,30.3185288,13490389,1110.719181,55.3,
Zambia,2010,30.369419,13965594,1183.417124,56.799,2
Zambia,2011,30.4205174,14437796,1208.464246,57.771,
Zambia,2012,30.47233498,14913629,1258.789386,58.867,
Zambia,2013,29.85171748,15398997,1280.770122,59.878,
Zambia,2014,29.22402328,15895315,1299.012418,60.699,
Zambia,2015,28.58928149,16399089,1295.877887,61.208,
Zambia,2016,27.94716568,16914423,1303.575139,61.794,
Zambia,2017,27.29760902,17441320,1308.768292,62.12,
Zambia,2018,26.64045517,17973569,1321.250457,62.342,
Zambia,2019,25.97549536,18513839,1301.18133,62.793,
Zambia,2020,25.30259796,19059395,1228.735001,62.38,
Zambia,2021,24.62162765,19603607,1269.108218,61.223,
Zambia,2022,23.9324502,20152938,1298.84805,61.803,
Zimbabwe,2009,54.43159282,13142790,882.2797477,48.063,1.88
Zimbabwe,2010,54.46424594,13356548,1054.397915,50.652,1.85
Zimbabwe,2011,54.49672097,13595424,1187.318407,53.347,1.82
Zimbabwe,2012,54.52919255,13817887,1352.135136,55.626,1.94
Zimbabwe,2013,54.56148654,14013808,1375.851342,57.458,
Zimbabwe,2014,54.58840243,14207359,1377.25456,58.846,2
Zimbabwe,2015,54.60975107,14399013,1386.422847,59.591,
Zimbabwe,2016,54.62571803,14600294,1379.628343,60.306,
Zimbabwe,2017,54.636307,14812482,1415.351332,60.709,
Zimbabwe,2018,54.64132899,15034452,1464.315294,61.414,
Zimbabwe,2019,54.64114862,15271368,1350.309851,61.292,
Zimbabwe,2020,54.63540759,15526888,1224.272314,61.124,
Zimbabwe,2021,54.62446299,15797210,1305.220113,59.253,
Zimbabwe,2022,54.60795626,16069056,1361.91453,59.391,
